Id,Role,Role_M,Name,Squad,Price,Age,Mate,Regularness,FVM,Pg24_25,Mv24_25,Mf24_25,Pg23_24,Mv23_24,Mf23_24,Pg22_23,Mv22_23,Mf22_23,Pg21_22,Mv21_22,Mf21_22,Pg20_21,Mv20_21,Mf20_21,Pg19_20,Mv19_20,Mf19_20,FVM24_25,FVM23_24,FVM22_23,FVM21_22,FVM20_21,FVM19_20,FVM18_19,ExpectedMf,FVM_pred,Hist_perf
4431,P,Por,Carnesecchi,Atalanta,18,25,,,80,34.0,6.34,5.32,27.0,6.19,5.3,27.0,6.35,4.63,,,,0.0,0.0,0.0,,,,55.0,65.0,13.0,,,,,5.32,5.32,5.32
2170,P,Por,Milinkovic-Savic V.,Napoli,17,28,,,37,37.0,6.3,5.45,36.0,6.12,5.24,38.0,6.03,4.89,27.0,6.02,4.85,5.0,5.8,4.6,,,,47.0,65.0,32.0,0.0,0.0,,,5.06,4.96,5.46
5841,P,Por,Svilar,Roma,17,26,,,105,38.0,6.32,5.38,15.0,6.47,5.37,3.0,6.0,4.83,,,,,,,,,,69.0,70.0,1.0,,,,,5.5,5.53,5.38
6966,P,Por,Butez,Como,16,30,,,95,18.0,6.22,5.22,,,,,,,,,,,,,,,,,,,,,,,5.4,5.45,5.23
4312,P,Por,Maignan,Milan,16,30,,,88,37.0,6.18,5.14,29.0,6.05,4.86,22.0,6.16,5.34,32.0,6.27,5.62,,,,,,,78.0,75.0,62.0,0.0,,,,5.34,5.39,5.15
5876,P,Por,Di Gregorio,Juventus,15,28,,,30,33.0,6.15,5.18,33.0,6.35,5.47,37.0,6.28,4.99,,,,,,,,,,100.0,80.0,40.0,,,,,4.96,4.9,5.19
2134,P,Por,Falcone,Lecce,15,30,,,35,38.0,6.26,4.79,38.0,6.25,4.91,38.0,6.25,5.09,10.0,6.45,4.95,,,,2.0,6.0,3.25,29.0,25.0,32.0,0.0,,0.0,,4.91,4.94,4.8
6462,P,Por,Okoye,Udinese,14,26,,,14,25.0,6.1,4.4,21.0,6.17,4.93,,,,,,,,,,,,,31.0,20.0,,,,,,4.69,4.77,4.4
2428,P,Por,Sommer,Inter,13,36,,,60,33.0,6.18,5.3,34.0,6.12,5.63,,,,,,,,,,,,,111.0,120.0,,,,,,5.18,5.15,5.32
4360,P,Por,Caprile,Cagliari,12,24,,,20,22.0,6.2,5.16,23.0,6.26,5.22,,,,,,,,,,,,,4.0,25.0,,,,,,4.88,4.82,5.16
761,P,Por,Audero,Cremonese,12,28,,,11,8.0,6.0,3.75,4.0,6.0,5.25,25.0,6.3,4.88,29.0,6.12,4.53,37.0,6.38,5.11,36.0,6.03,4.29,27.0,1.0,5.0,0.0,0.0,0.0,0.0,4.54,4.74,3.76
2521,P,Por,De Gea,Fiorentina,12,34,,,28,35.0,6.34,5.41,,,,,,,,,,,,,,,,39.0,,,,,,,4.99,4.88,5.42
4957,P,Por,Montipò,Verona,12,29,,,5,36.0,6.19,4.44,37.0,6.31,4.99,37.0,6.19,4.66,34.0,6.09,4.69,37.0,5.99,3.97,,,,30.0,20.0,19.0,0.0,0.0,,,4.64,4.69,4.45
133,P,Por,Skorupski,Bologna,11,34,,,14,27.0,6.17,5.04,32.0,6.17,5.33,37.0,6.19,4.97,36.0,6.24,4.79,28.0,6.09,4.64,37.0,5.99,4.31,53.0,65.0,32.0,0.0,0.0,0.0,0.0,4.82,4.77,5.05
2814,P,Por,Provedel,Lazio,11,31,,,15,29.0,5.98,4.53,30.0,6.23,5.13,38.0,6.26,5.46,31.0,6.26,4.48,29.0,6.05,4.24,,,,60.0,55.0,78.0,0.0,0.0,,0.0,4.73,4.77,4.54
6641,P,Por,Suzuki,Parma,11,23,,,8,37.0,6.22,4.76,,,,,,,,,,,,,,,,22.0,,,,,,,4.72,4.71,4.76
4236,P,Por,Muric,Sassuolo,10,26,,,6,,,,,,,,,,,,,,,,,,,,,,,,,,4.73,4.7,4.86
7332,P,Por,Bijlow,Genoa,10,27,,,10,,,,,,,,,,,,,,,,,,,,,,,,,,4.76,4.73,4.89
188,P,Por,Leali,Genoa,9,32,,,1,29.0,6.16,5.1,2.0,6.5,5.25,,,,,,,,,,,,,1.0,1.0,,,,,,4.75,4.66,5.11
6662,P,Por,Corvi,Parma,9,24,,,5,0.0,0.0,0.0,,,,,,,,,,,,,,,,1.0,,,,,,,4.72,4.69,4.82
5320,P,Por,Paleari,Torino,9,33,,,9,1.0,6.5,3.5,,,,,,,,,,3.0,6.17,5.17,,,,1.0,,,,0.0,,,4.82,4.72,5.19
218,P,Por,Perin,Juventus,8,32,,,10,5.0,6.1,5.5,3.0,6.0,5.67,11.0,6.41,6.05,5.0,6.1,4.7,32.0,6.25,4.83,21.0,6.12,4.29,3.0,2.0,4.0,0.0,0.0,0.0,0.0,4.81,4.73,5.12
572,P,Por,Meret,Napoli,8,28,,,20,34.0,6.32,5.71,31.0,6.06,4.97,34.0,6.18,5.56,7.0,5.86,5.0,22.0,6.2,4.89,22.0,6.16,4.8,72.0,55.0,71.0,0.0,0.0,0.0,0.0,5.0,4.82,5.72
4867,P,Por,Turati,Sassuolo,8,23,,,5,30.0,6.3,4.75,31.0,6.19,4.42,,,,0.0,0.0,0.0,0.0,0.0,0.0,2.0,6.25,4.25,23.0,12.0,,,0.0,0.0,,4.7,4.69,4.75
2861,P,Por,Semper,Pisa,7,27,,,3,,,,,,,,,,1.0,6.5,5.5,,,,,,,,,,0.0,,,0.0,4.72,4.67,4.89
7172,P,Por,Pessina Mas.,Bologna,6,17,,,2,,,,,,,,,,,,,,,,,,,,,,,,,,4.7,4.66,4.86
5116,P,Por,Martinez Jo.,Inter,5,27,,,1,5.0,6.3,5.7,36.0,6.14,4.97,,,,,,,,,,,,,4.0,40.0,,,,,,4.7,4.66,4.89
7337,P,Por,Motta,Lazio,5,20,,,15,,,,,,,,,,,,,,,,,,,,,,,,,,4.78,4.77,4.81
2722,P,Por,Ravaglia F.,Bologna,4,25,,,3,12.0,6.0,4.83,6.0,6.33,6.33,0.0,0.0,0.0,,,,4.0,5.88,3.38,,,,1.0,1.0,1.0,,0.0,,,4.7,4.67,4.83
6417,P,Por,Furlanetto,Lazio,3,23,,,1,0.0,0.0,0.0,,,,,,,,,,,,,,,,1.0,,,,,,,4.69,4.66,4.81
6403,P,Por,Christensen O.,Fiorentina,2,26,,,1,0.0,0.0,0.0,4.0,5.5,3.25,,,,,,,,,,,,,1.0,1.0,,,,,,4.7,4.66,4.86
2297,P,Por,Rossi F.,Atalanta,1,34,,,1,0.0,0.0,0.0,1.0,6.5,6.5,0.0,0.0,0.0,1.0,6.0,5.0,0.0,0.0,0.0,1.0,6.0,5.0,1.0,1.0,1.0,0.0,0.0,0.0,0.0,4.78,4.66,5.26
4,P,Por,Sportiello,Atalanta,1,33,,,1,2.0,6.0,5.0,7.0,6.14,4.57,15.0,6.13,4.73,5.0,6.3,5.3,15.0,6.23,5.03,6.0,6.17,5.33,1.0,2.0,23.0,0.0,0.0,0.0,0.0,4.76,4.66,5.19
4929,P,Por,Ciocci,Cagliari,1,23,,,1,0.0,0.0,0.0,,,,,,,,,,0.0,0.0,0.0,0.0,0.0,0.0,1.0,,,,0.0,0.0,,4.69,4.66,4.81
2809,P,Por,Vigorito,Como,1,35,,,1,0.0,0.0,0.0,,,,,,,,,,,,,5.0,5.9,4.0,1.0,,,,,0.0,,4.79,4.66,5.33
6505,P,Por,Nava,Cremonese,1,21,,,1,0.0,0.0,0.0,1.0,5.5,4.5,,,,,,,,,,,,,1.0,1.0,,,,,,4.69,4.66,4.8
6991,P,Por,Siegrist,Genoa,1,33,,,1,2.0,6.5,5.5,,,,,,,,,,,,,,,,,,,,,,,4.76,4.66,5.19
219,P,Por,Sommariva,Genoa,1,28,,,1,1.0,7.0,6.0,0.0,0.0,0.0,,,,,,,,,,,,,1.0,1.0,,,,,,4.71,4.66,4.93
1926,P,Por,Di Gennaro,Inter,1,31,,,1,0.0,0.0,0.0,1.0,6.5,6.5,,,,,,,,,,,,,1.0,1.0,,,,,,4.74,4.66,5.06
1930,P,Por,Pinsoglio,Juventus,1,35,,,1,0.0,0.0,0.0,1.0,6.5,6.5,0.0,0.0,0.0,1.0,6.5,5.5,1.0,6.0,5.0,1.0,6.0,6.0,1.0,1.0,1.0,0.0,0.0,0.0,0.0,4.79,4.66,5.33
2401,P,Por,Fruchtl,Lecce,1,25,,,1,0.0,0.0,0.0,,,,,,,,,,,,,,,,1.0,,,,,,,4.69,4.66,4.84
6523,P,Por,Samooja,Lecce,1,22,,,1,0.0,0.0,0.0,0.0,0.0,0.0,,,,,,,,,,,,,1.0,1.0,,,,,,4.69,4.66,4.8
2815,P,Por,Terracciano,Milan,1,35,,,1,3.0,6.17,5.17,33.0,6.27,5.26,29.0,6.0,4.78,32.0,5.97,4.72,4.0,6.25,6.0,7.0,6.36,5.64,20.0,65.0,38.0,0.0,0.0,0.0,0.0,4.79,4.66,5.33
6813,P,Por,Torriani,Milan,1,20,,,1,0.0,0.0,0.0,,,,,,,,,,,,,,,,1.0,,,,,,,4.69,4.66,4.81
2845,P,Por,Contini,Napoli,1,29,,,1,0.0,0.0,0.0,1.0,6.0,6.0,0.0,0.0,0.0,0.0,0.0,0.0,0.0,0.0,0.0,,,,1.0,1.0,,,0.0,,,4.72,4.66,4.97
5338,P,Por,Rinaldi,Parma,1,22,,,1,0.0,0.0,0.0,,,,,,,,,,0.0,0.0,0.0,,,,,,,,0.0,,,4.69,4.66,4.8
2271,P,Por,Nicolas,Pisa,1,37,,,1,,,,,,,,,,,,,2.0,5.5,3.0,0.0,0.0,0.0,,,,,,0.0,0.0,4.82,4.66,5.5
574,P,Por,Scuffet,Pisa,1,29,,,1,14.0,5.89,4.18,31.0,6.13,4.31,,,,0.0,0.0,0.0,1.0,5.0,3.0,0.0,0.0,0.0,29.0,15.0,,,0.0,,,4.56,4.66,4.19
7169,P,Por,Zelezny,Roma,1,18,,,1,,,,,,,,,,,,,,,,,,,,,,,,,,4.69,4.66,4.84
610,P,Por,Gollini,Roma,1,30,,,1,7.0,5.86,4.07,7.0,6.0,4.86,7.0,6.07,5.21,,,,25.0,6.1,5.26,33.0,6.15,4.83,38.0,5.0,8.0,,0.0,0.0,0.0,4.73,4.66,5.01
2127,P,Por,Satalino,Sassuolo,1,26,,,1,,,,,,,0.0,0.0,0.0,0.0,0.0,0.0,,,,0.0,0.0,0.0,,,,0.0,,,0.0,4.7,4.66,4.86
7179,P,Por,Israel,Torino,1,25,,,1,,,,,,,,,,,,,,,,,,,,,,,,,,4.69,4.66,4.84
543,P,Por,Padelli,Udinese,1,39,,,1,1.0,6.5,6.5,0.0,0.0,0.0,0.0,0.0,0.0,3.0,6.17,3.5,1.0,6.0,5.0,3.0,5.33,4.0,1.0,1.0,1.0,0.0,0.0,0.0,0.0,4.86,4.66,5.69
6842,P,Por,Sava,Udinese,1,23,,,1,12.0,6.04,4.67,,,,,,,,,,,,,,,,1.0,,,,,,,4.66,4.66,4.67
511,P,Por,Perilli,Verona,1,30,,,1,2.0,6.0,5.0,1.0,7.5,5.5,1.0,6.5,6.5,,,,,,,,,,1.0,1.0,1.0,,,,,4.73,4.66,5.01
7185,P,Por,Nunziante,Udinese,1,18,,,1,,,,,,,,,,,,,,,,,,,,,,,,,,4.69,4.66,4.84
158,P,Por,Lezzerini,Fiorentina,1,30,,,1,,,,,,,,,,6.0,6.17,4.5,,,,,,,,,,0.0,,,,4.73,4.66,5.01
2211,P,Por,Silvestri,Cremonese,1,34,,,1,5.0,5.7,3.5,17.0,5.82,4.18,38.0,6.24,4.97,35.0,6.17,4.73,34.0,6.21,4.9,35.0,6.2,4.94,,1.0,29.0,0.0,0.0,0.0,,4.78,4.66,5.26
7236,P,Por,Toniolo,Verona,1,21,,,1,,,,,,,,,,,,,,,,,,,,,,,,,,4.69,4.66,4.8
7261,P,Por,Cavlina,Como,1,23,,,1,,,,,,,,,,,,,,,,,,,,,,,,,,4.69,4.66,4.81
7285,P,Por,Ferrante,Napoli,1,19,,,1,,,,,,,,,,,,,,,,,,,,,,,,,,4.69,4.66,4.82
7042,P,Por,Calligaris,Inter,1,20,,,1,0.0,0.0,0.0,,,,,,,,,,,,,,,,,,,,,,,4.69,4.66,4.81
7301,P,Por,Tornqvist,Como,1,19,,,1,,,,,,,,,,,,,,,,,,,,,,,,,,4.69,4.66,4.82
6650,P,Por,Sherri,Cagliari,1,28,,,1,7.0,5.86,4.29,,,,,,,,,,,,,,,,1.0,,,,,,,4.71,4.66,4.93
7363,P,Por,Siviero,Torino,1,18,,,1,,,,,,,,,,,,,,,,,,,,,,,,,,4.69,4.66,4.84
7382,P,Por,Pannozzo,Lazio,1,17,,,1,,,,,,,,,,,,,,,,,,,,,,,,,,4.7,4.66,4.86
7383,P,Por,Giacomone,Lazio,1,17,,,1,,,,,,,,,,,,,,,,,,,,,,,,,,4.7,4.66,4.86
254,D,E,Dimarco,Inter,30,27,,,320,32.0,6.31,6.86,30.0,6.48,7.18,33.0,6.21,6.7,25.0,6.12,6.34,35.0,6.14,6.57,8.0,6.0,5.94,101.0,150.0,53.0,0.0,0.0,0.0,0.0,8.16,8.49,6.86
2788,D,Dc,Bremer,Juventus,20,28,,,74,6.0,6.5,6.42,36.0,6.24,6.36,30.0,6.05,6.35,33.0,6.39,6.59,33.0,6.08,6.5,27.0,5.78,6.0,57.0,80.0,55.0,0.0,0.0,0.0,0.0,6.31,6.38,6.05
5022,D,Dc,Pavlovic,Milan,17,24,,,60,22.0,5.91,6.11,,,,,,,,,,,,,,,,29.0,,,,,,,6.23,6.28,6.07
6832,D,E,Palestra,Cagliari,16,20,,,75,3.0,6.0,6.0,,,,,,,,,,,,,,,,,,,,,,,6.49,6.6,6.01
6893,D,Dc,Kempf,Como,16,30,,,18,31.0,5.85,5.76,,,,,,,,,,,,,,,,6.0,,,,,,,5.92,5.96,5.76
1852,D,Ds;E,Spinazzola,Napoli,16,32,,,33,23.0,6.07,6.22,23.0,6.09,6.3,26.0,6.04,6.25,2.0,6.25,6.0,25.0,6.2,6.52,22.0,6.25,6.43,41.0,20.0,25.0,0.0,0.0,0.0,0.0,6.09,6.12,6.01
5526,D,Dc,Scalvini,Atalanta,15,21,,,22,4.0,5.5,5.25,33.0,6.06,6.2,32.0,5.95,6.03,14.0,5.96,6.14,,,,,,,12.0,40.0,23.0,0.0,,,,6.01,5.99,6.07
6217,D,Dc,Bisseck,Inter,15,24,,,41,27.0,6.0,6.33,11.0,6.36,7.0,,,,,,,,,,,,,11.0,27.0,,,,,,6.17,6.13,6.33
2296,D,Dc,Mancini,Roma,15,29,,,54,37.0,6.18,6.26,35.0,5.99,6.2,35.0,6.11,6.16,33.0,5.88,5.64,33.0,6.14,6.41,32.0,6.03,5.88,26.0,60.0,29.0,0.0,0.0,0.0,0.0,6.24,6.23,6.26
5750,D,Dc,Ostigard,Genoa,15,26,,,50,,,,20.0,5.9,6.0,6.0,6.0,5.92,15.0,5.63,5.43,,,,,,,,14.0,6.0,0.0,,,,6.17,6.2,6.06
4976,D,Dd;Dc,Kalulu,Juventus,14,25,,,68,28.0,6.02,6.05,7.0,5.86,5.86,32.0,5.75,5.78,24.0,6.33,6.46,10.0,5.65,5.9,,,,12.0,12.0,18.0,0.0,0.0,,,6.33,6.41,6.0
4657,D,B;Dd;E,Celik,Roma,14,28,,,14,30.0,5.78,5.77,12.0,5.92,5.88,21.0,5.81,5.69,,,,,,,,,,12.0,7.0,6.0,,,,,5.98,6.03,5.77
7181,D,E,Wesley,Roma,14,21,,,46,,,,,,,,,,,,,,,,,,,,,,,,,,6.33,6.38,6.15
6956,D,Dc,Solet,Udinese,14,25,,,55,19.0,6.16,6.29,,,,,,,,,,,,,,,,,,,,,,,6.2,6.24,6.06
2120,D,Dc,Bastoni,Inter,13,26,,,40,32.0,6.42,6.55,28.0,6.32,6.45,29.0,6.12,6.14,31.0,6.21,6.31,33.0,6.11,6.08,25.0,5.98,6.04,50.0,85.0,32.0,0.0,0.0,0.0,0.0,6.21,6.12,6.55
4807,D,Dc,Hermoso,Roma,13,30,,,25,4.0,5.12,4.88,,,,,,,,,,,,,,,,,,,,,,,6.02,6.01,6.04
6986,D,B;Dd;E,Rensch,Roma,13,22,,,17,8.0,6.06,6.19,,,,,,,,,,,,,,,,,,,,,,,6.08,6.07,6.1
4159,D,Dc,Akanji,Inter,13,30,,,64,,,,,,,,,,,,,,,,,,,,,,,,,,6.25,6.31,6.04
554,D,E,Zappacosta,Atalanta,12,33,,,18,30.0,5.98,6.4,31.0,5.92,6.06,21.0,6.12,6.64,31.0,6.08,6.24,25.0,6.22,6.72,9.0,5.72,5.83,30.0,33.0,24.0,0.0,0.0,0.0,,6.21,6.17,6.38
5513,D,E,Dumfries,Inter,12,29,,,56,29.0,6.19,6.91,30.0,6.1,6.53,34.0,5.91,6.0,32.0,6.22,6.77,,,,,,,45.0,85.0,14.0,0.0,,,,6.55,6.46,6.91
4317,D,Dc,N'Dicka,Roma,12,26,,,51,38.0,6.05,6.03,25.0,5.86,5.86,,,,,,,,,,,,,20.0,35.0,,,,,,6.17,6.21,6.03
2160,D,E,Gosens,Fiorentina,11,31,,,19,32.0,6.12,6.59,0.0,0.0,0.0,25.0,5.96,6.3,11.0,6.14,6.36,32.0,6.27,7.28,33.0,6.39,7.38,41.0,,20.0,0.0,0.0,0.0,0.0,6.25,6.17,6.58
5514,D,Ds;Dc,Vasquez,Genoa,11,26,,,26,36.0,6.06,6.18,35.0,6.16,6.19,23.0,5.78,5.76,28.0,5.89,5.88,,,,,,,16.0,17.0,8.0,0.0,,,,6.08,6.06,6.19
6766,D,Ds;Dc,Kelly L.,Juventus,11,26,,,27,12.0,5.67,5.62,,,,,,,,,,,,,,,,,,,,,,,6.06,6.07,6.05
4409,D,Dc,Rrahmani,Napoli,11,31,,,45,38.0,6.14,6.17,30.0,5.93,6.15,28.0,6.14,6.36,33.0,6.27,6.56,14.0,6.14,6.29,36.0,5.94,5.9,26.0,38.0,44.0,0.0,0.0,0.0,,6.16,6.16,6.17
5862,D,Ds;E,Valeri,Parma,11,27,,,22,34.0,5.94,6.25,15.0,5.6,5.57,37.0,6.08,6.31,,,,,,,,,,11.0,15.0,16.0,,,,,6.07,6.02,6.26
6485,D,Dd;Dc,Kristensen T.,Udinese,11,23,,,14,21.0,5.57,5.6,26.0,5.79,5.75,,,,,,,,,,,,,8.0,18.0,,,,,,5.94,5.96,5.88
7211,D,Dd;E,Athekame,Milan,11,20,,,9,,,,,,,,,,,,,,,,,,,,,,,,,,5.85,5.92,5.59
5678,D,Dd;E,Holm,Juventus,10,25,,,8,16.0,5.94,6.12,18.0,5.94,6.08,18.0,6.06,6.17,0.0,0.0,0.0,,,,,,,24.0,25.0,8.0,,,,,5.93,5.91,6.0
4734,D,Ds;E,Miranda J.,Bologna,10,25,,,25,29.0,6.05,6.16,,,,,,,,,,,,,,,,16.0,,,,,,,6.07,6.05,6.17
4994,D,Dd;E,Vojvoda,Como,10,30,,,12,27.0,5.96,6.04,21.0,5.88,5.95,27.0,5.85,5.98,29.0,6.02,6.07,19.0,5.71,6.03,,,,12.0,13.0,9.0,0.0,0.0,,,5.97,5.94,6.08
6867,D,Ds;E,Valle,Como,10,21,,,17,13.0,5.81,5.73,,,,,,,,,,,,,,,,,,,,,,,5.93,5.98,5.7
5885,D,E,Dodò,Fiorentina,10,26,,,30,35.0,6.19,6.21,6.0,5.75,5.75,33.0,5.88,5.98,,,,,,,,,,25.0,15.0,32.0,,,,,6.25,6.26,6.22
2593,D,Ds;E,Martin,Genoa,10,28,,,11,36.0,6.17,6.32,20.0,5.92,5.92,,,,,,,,,,,,,13.0,20.0,,,,,,6.01,5.93,6.32
5877,D,B;Ds;E,Carlos Augusto,Inter,10,26,,,15,28.0,6.2,6.61,35.0,6.14,6.21,35.0,6.16,6.76,,,,,,,,,,20.0,27.0,58.0,,,,,6.16,6.04,6.61
6989,D,Dc,Tiago Gabriel,Lecce,10,21,,,25,2.0,6.25,6.25,,,,,,,,,,,,,,,,,,,,,,,6.02,6.01,6.07
4502,D,Ds;E,Gallo,Lecce,10,28,,,15,31.0,5.79,5.65,34.0,5.94,6.0,31.0,5.82,5.65,,,,,,,0.0,0.0,0.0,11.0,23.0,8.0,,,,,5.9,5.97,5.65
6496,D,Ds;E,Bartesaghi,Milan,10,19,,,15,3.0,5.33,5.0,3.0,6.0,6.0,,,,,,,,,,,,,,2.0,,,,,,5.87,5.97,5.46
6202,D,Dc,Beukema,Napoli,10,27,,,10,34.0,5.93,5.94,30.0,6.02,6.02,,,,,,,,,,,,,16.0,40.0,,,,,,5.91,5.9,5.94
2816,D,Dd;E,Di Lorenzo,Napoli,10,32,,,28,37.0,6.15,6.36,36.0,6.07,6.21,37.0,6.26,6.58,33.0,6.2,6.36,36.0,5.97,6.15,33.0,5.88,6.17,72.0,55.0,67.0,0.0,0.0,0.0,0.0,6.13,6.07,6.35
6664,D,B;Dd;E,Delprato,Parma,10,23,,,22,34.0,6.03,6.21,,,,,,,,,,,,,,,,14.0,,,,,,,6.15,6.14,6.21
4263,D,Dc,Kabasele,Udinese,10,34,,,9,16.0,5.84,6.22,10.0,5.75,5.8,,,,,,,,,,,,,4.0,5.0,,,,,,5.91,5.89,6.01
6869,D,Dc,Ramon,Como,10,20,,,23,,,,,,,,,,,,,,,,,,,,,,,,,,6.01,6.0,6.08
7220,D,Dd;E,Belghali,Verona,10,26,,,12,,,,,,,,,,,,,,,,,,,,,,,,,,5.96,5.94,6.05
5427,D,Ds;E,Gutierrez,Napoli,10,24,,,12,,,,,,,,,,,,,,,,,,,,,,,,,,5.94,5.94,5.95
7329,D,Ds;E,Obrador,Torino,10,21,,,16,,,,,,,,,,,,,,,,,,,,,,,,,,5.92,5.97,5.7
4210,D,Dc,Mina,Cagliari,9,30,,,12,31.0,6.06,6.06,15.0,6.03,6.27,,,,,,,,,,,,,13.0,25.0,,,,,,5.94,5.91,6.06
5435,D,Ds;E,Moreno Alb.,Como,9,33,,,10,23.0,5.96,5.87,,,,,,,,,,,,,,,,17.0,,,,,,,5.93,5.93,5.96
5520,D,E,Cambiaso,Juventus,9,25,,,17,32.0,6.09,6.31,34.0,6.0,6.12,31.0,5.97,6.03,25.0,5.94,6.12,,,,,,,35.0,46.0,12.0,0.0,,,,6.19,6.16,6.32
5835,D,Dc,Baschirotto,Cremonese,9,29,,,13,38.0,5.86,5.97,37.0,5.76,5.72,37.0,6.07,6.23,,,,,,,,,,20.0,25.0,34.0,,,,,5.93,5.92,5.97
7143,D,Ds;E,Angori,Pisa,9,22,,,13,,,,,,,,,,,,,,,,,,,,,,,,,,5.92,5.95,5.8
6642,D,Dc,Coco,Torino,9,26,,,12,32.0,5.86,5.83,,,,,,,,,,,,,,,,22.0,,,,,,,5.9,5.91,5.83
7219,D,E,Bernasconi,Atalanta,9,21,,,12,,,,,,,,,,,,,,,,,,,,,,,,,,6.13,6.12,6.15
393,D,Dc,Luperto,Cremonese,8,29,,,12,36.0,6.0,6.08,38.0,6.0,6.05,36.0,5.93,6.01,22.0,5.75,5.61,22.0,5.41,5.3,7.0,5.64,5.5,14.0,40.0,22.0,0.0,0.0,0.0,0.0,5.95,5.91,6.08
4433,D,E,Zortea,Bologna,8,27,,,12,35.0,6.07,6.6,19.0,6.16,6.63,15.0,6.0,6.1,23.0,5.78,5.96,,,,,,,16.0,55.0,7.0,0.0,,,,6.22,6.12,6.6
5833,D,Dc,Gila,Lazio,8,25,,,16,32.0,6.05,5.95,21.0,6.02,5.93,2.0,5.5,5.5,,,,,,,,,,11.0,23.0,2.0,,,,,5.94,5.94,5.95
460,D,Dc,Romagnoli,Lazio,8,30,,,16,32.0,5.84,5.91,28.0,5.96,5.8,34.0,6.21,6.29,17.0,6.0,6.0,22.0,5.98,6.0,35.0,6.11,6.14,26.0,32.0,32.0,0.0,0.0,0.0,0.0,5.94,5.94,5.91
2188,D,Dd;Ds;E,Marusic,Lazio,8,32,,,12,31.0,5.85,6.16,37.0,5.72,5.73,33.0,6.02,5.92,33.0,5.65,5.65,36.0,5.79,5.94,14.0,6.14,6.54,10.0,21.0,18.0,0.0,0.0,0.0,0.0,5.98,5.94,6.15
4751,D,Dc,Tomori,Milan,8,27,,,21,18.0,5.86,5.81,25.0,6.0,6.32,33.0,6.08,6.09,31.0,6.29,6.23,17.0,6.26,6.44,,,,41.0,75.0,43.0,0.0,0.0,,,6.0,5.98,6.05
2724,D,Dc,Buongiorno,Napoli,8,26,,,13,22.0,6.36,6.45,29.0,6.31,6.5,34.0,6.12,6.15,18.0,5.86,5.81,12.0,5.67,5.5,0.0,0.0,0.0,57.0,90.0,36.0,0.0,0.0,,,5.95,5.92,6.06
6663,D,Dc,Circati,Parma,8,21,,,13,6.0,5.83,5.75,,,,,,,,,,,,,,,,8.0,,,,,,,5.95,5.92,6.07
7155,D,Dc,Muharemovic,Sassuolo,8,22,,,18,,,,,,,,,,,,,,,,,,,,,,,,,,5.98,5.96,6.07
4665,D,Dc,Maripan,Torino,8,32,,,8,28.0,5.93,5.93,,,,,,,,,,,,,,,,15.0,,,,,,,5.89,5.88,5.93
6631,D,Dc,Ghilardi,Roma,8,22,,,11,24.0,5.73,5.54,,,,,,,,,,,,,,,,1.0,,,,,,,5.94,5.9,6.07
6672,D,Dc,Idzes,Sassuolo,8,25,,,12,35.0,5.96,5.97,,,,,,,,,,,,,,,,9.0,,,,,,,5.92,5.91,5.97
4137,D,Dc,Diego Carlos,Como,8,32,,,12,,,,,,,,,,,,,,,,,,,,,,,,,,5.93,5.91,6.02
6550,D,B;Ds;E,Garcia U.,Sassuolo,8,31,,,17,,,,,,,,,,,,,,,,,,,,,,,,,,6.09,6.07,6.18
787,D,Dc,Djimsiti,Atalanta,7,32,,,13,33.0,5.88,5.88,36.0,5.94,5.92,22.0,5.91,5.89,29.0,5.86,5.84,33.0,6.09,6.03,34.0,6.07,6.21,18.0,33.0,12.0,0.0,0.0,0.0,0.0,5.91,5.92,5.88
2640,D,B;Ds;E,Kolasinac,Atalanta,7,32,,,12,23.0,6.13,5.98,29.0,6.03,6.07,,,,,,,,,,,,,21.0,33.0,,,,,,6.0,6.0,5.99
6042,D,Dc,Lucumì,Bologna,7,27,,,12,32.0,5.83,5.7,29.0,6.1,6.07,33.0,5.83,5.68,,,,,,,,,,14.0,23.0,17.0,,,,,5.87,5.91,5.7
5701,D,Ds;Dc,Obert,Cagliari,7,23,,,13,19.0,5.95,6.05,13.0,5.35,5.31,,,,4.0,5.88,5.88,,,,,,,3.0,6.0,,0.0,,,,5.94,5.95,5.88
6660,D,Dc,Marcandalli,Genoa,7,22,,,12,8.0,5.88,5.75,,,,,,,,,,,,,,,,1.0,,,,,,,5.94,5.91,6.07
6814,D,Dd;E,Norton-Cuffy,Genoa,7,21,,,14,10.0,5.7,5.7,,,,,,,,,,,,,,,,5.0,,,,,,,5.91,5.96,5.7
7012,D,Dc,Provstgaard,Lazio,7,20,,,12,1.0,6.5,6.5,,,,,,,,,,,,,,,,,,,,,,,5.94,5.91,6.08
5812,D,Dd;Ds;E,Terracciano F.,Cremonese,7,22,,,11,7.0,5.71,5.57,19.0,5.89,5.89,13.0,6.08,6.12,,,,,,,,,,1.0,14.0,3.0,,,,,5.91,5.93,5.8
4772,D,E,Angelino,Roma,7,28,,,7,38.0,6.14,6.32,16.0,5.94,5.88,,,,,,,,,,,,,27.0,33.0,,,,,,6.13,6.08,6.32
6426,D,Dd;E,Pedersen,Torino,7,24,,,12,23.0,5.61,5.54,23.0,5.72,5.72,,,,,,,,,,,,,12.0,17.0,,,,,,5.94,5.94,5.95
6047,D,Dd;E,Ehizibue,Udinese,7,25,,,10,31.0,5.85,5.81,20.0,5.88,5.82,21.0,5.79,5.93,,,,,,,,,,8.0,6.0,12.0,,,,,5.9,5.93,5.82
6639,D,Ds;E,Frese,Verona,7,27,,,12,7.0,5.79,5.79,,,,,,,,,,,,,,,,7.0,,,,,,,5.97,5.94,6.08
6046,D,Dc,Hien,Atalanta,6,26,,,10,29.0,5.95,5.78,22.0,5.95,5.82,32.0,5.94,5.8,,,,,,,,,,21.0,28.0,18.0,,,,,5.87,5.9,5.78
5578,D,Dd;Dc,Kossounou,Atalanta,6,24,,,8,17.0,5.94,5.91,,,,,,,,,,,,,,,,26.0,,,,,,,5.92,5.91,5.95
4887,D,E,Bellanova,Atalanta,6,25,,,11,35.0,6.04,6.26,36.0,6.14,6.35,11.0,6.0,6.0,31.0,5.82,5.9,0.0,0.0,0.0,1.0,6.0,6.0,45.0,65.0,2.0,0.0,,0.0,,6.14,6.11,6.27
4461,D,B;Dd;E,Zappa,Cagliari,6,25,,,8,36.0,5.75,5.86,37.0,5.8,5.91,,,,21.0,5.74,5.64,31.0,5.85,5.94,,,,10.0,21.0,,0.0,0.0,,,5.93,5.94,5.86
7014,D,Dd;Dc,Smolcic I.,Como,6,23,,,12,8.0,5.81,5.75,,,,,,,,,,,,,,,,,,,,,,,5.93,5.94,5.88
6013,D,Dd;Ds;E,Barbieri,Cremonese,6,23,,,10,,,,,,,2.0,6.0,6.0,,,,,,,,,,,,1.0,,,,,5.92,5.93,5.88
4378,D,Ds;Dc,Ranieri L.,Fiorentina,6,26,,,10,36.0,5.92,5.96,25.0,5.86,5.88,8.0,6.25,6.19,27.0,5.7,5.65,,,,3.0,5.5,5.17,15.0,23.0,1.0,0.0,,,,5.93,5.93,5.97
5449,D,E,Parisi,Fiorentina,6,24,,,12,20.0,6.0,6.22,21.0,5.69,5.64,33.0,6.14,6.14,23.0,5.91,5.85,,,,,,,20.0,18.0,27.0,0.0,,,,6.18,6.12,6.44
5739,D,Dd;Dc,De Winter,Milan,6,23,,,10,24.0,5.85,6.1,29.0,5.84,5.74,13.0,5.73,5.62,0.0,0.0,0.0,,,,,,,8.0,15.0,8.0,0.0,,,,5.92,5.93,5.88
6039,D,B;Ds;E,Cabal,Juventus,6,24,,,9,6.0,6.33,6.25,19.0,5.82,5.66,9.0,5.89,5.72,,,,,,,,,,15.0,10.0,2.0,,,,,5.98,5.96,6.09
7175,D,E,Joao Mario,Bologna,6,25,,,12,,,,,,,,,,,,,,,,,,,,,,,,,,6.2,6.12,6.5
5620,D,Ds;E,Tavares N.,Lazio,6,25,,,18,23.0,6.28,6.5,,,,,,,,,,,,,,,,10.0,,,,,,,5.99,5.99,6.0
5527,D,Dd;E,Zanoli,Udinese,6,25,,,12,27.0,5.91,5.96,18.0,5.83,5.75,20.0,6.0,6.32,6.0,5.92,5.75,,,,,,,9.0,15.0,20.0,0.0,,,,5.95,5.94,6.0
2273,D,Dc,Caracciolo A.,Pisa,6,30,,,10,,,,,,,,,,,,,,,,,,,,,,,,,,5.93,5.9,6.04
5010,D,Dc,Ismajli,Torino,6,28,,,14,29.0,6.17,6.12,25.0,5.72,5.68,25.0,6.0,5.86,17.0,5.5,5.06,16.0,5.78,5.94,,,,9.0,16.0,9.0,0.0,0.0,,,5.97,5.93,6.12
5555,D,Ds;E,Kamara H.,Udinese,6,31,,,15,30.0,5.93,6.03,31.0,6.06,6.1,,,,,,,,,,,,,13.0,26.0,,,,,,5.98,5.97,6.02
5532,D,Ds;E,Bradaric,Verona,6,25,,,11,27.0,5.72,5.72,34.0,5.72,5.74,30.0,5.75,5.77,,,,,,,,,,8.0,21.0,17.0,,,,,5.95,5.93,6.0
7240,D,Dc,Siebert,Lecce,6,23,,,14,,,,,,,,,,,,,,,,,,,,,,,,,,5.96,5.93,6.07
7352,D,Dc,Edmundsson,Verona,6,23,,,12,,,,,,,,,,,,,,,,,,,,,,,,,,5.94,5.91,6.07
7125,D,Ds;E,Idrissi R.,Cagliari,5,20,,,9,,,,,,,,,,,,,,,,,,,,,,,,,,5.85,5.92,5.59
6230,D,Dc,Dossena,Cagliari,5,27,,,8,23.0,5.8,5.85,35.0,5.84,5.94,,,,,,,,,,,,,14.0,25.0,,,,,,5.92,5.88,6.05
6896,D,Dd;E,Van Der Brempt,Como,5,24,,,8,18.0,5.94,5.92,,,,,,,,,,,,,,,,8.0,,,,,,,5.92,5.91,5.95
7131,D,Dd;E,Floriani Mussolini,Cremonese,5,22,,,12,,,,,,,,,,,,,,,,,,,,,,,,,,5.91,5.94,5.8
5603,D,Dc,Pongracic,Fiorentina,5,28,,,12,17.0,5.85,5.65,36.0,5.94,5.81,9.0,6.0,5.89,,,,,,,,,,20.0,23.0,3.0,,,,,5.94,5.91,6.05
513,D,Dc,Acerbi,Inter,5,37,,,10,21.0,6.07,6.12,29.0,6.17,6.5,31.0,6.0,5.97,29.0,5.95,6.31,32.0,6.05,5.94,36.0,6.26,6.43,28.0,90.0,22.0,0.0,0.0,0.0,0.0,5.91,5.9,5.98
5831,D,Dc,Gatti,Juventus,5,27,,,8,28.0,6.14,6.21,32.0,5.97,6.11,16.0,5.94,5.81,,,,,,,,,,16.0,52.0,16.0,,,,,5.95,5.88,6.21
2728,D,Ds;E,Pellegrini Lu.,Lazio,5,26,,,9,19.0,6.08,6.11,17.0,5.79,5.76,3.0,6.17,5.83,17.0,6.09,5.97,11.0,5.59,5.41,24.0,6.04,6.04,6.0,12.0,7.0,0.0,0.0,0.0,0.0,5.94,5.92,6.05
6990,D,Dd;E,Veiga D.,Lecce,5,23,,,13,11.0,5.73,5.73,,,,,,,,,,,,,,,,,,,,,,,5.94,5.95,5.88
4401,D,Dc,Gabbia,Milan,5,25,,,14,25.0,6.04,6.2,17.0,6.06,6.26,9.0,5.5,5.39,7.0,5.57,5.36,6.0,6.0,5.83,9.0,5.83,5.78,9.0,18.0,2.0,0.0,0.0,0.0,,5.98,5.93,6.2
5840,D,Ds;E,Olivera,Napoli,5,28,,,14,30.0,6.08,6.05,22.0,5.82,5.89,24.0,6.02,6.27,,,,,,,,,,18.0,25.0,22.0,,,,,5.98,5.96,6.05
5307,D,Dc,Valenti,Parma,5,26,,,10,20.0,5.85,5.85,,,,,,,,,,9.0,5.44,5.44,,,,5.0,,,,0.0,,,5.93,5.9,6.06
7139,D,Dc,Canestrelli,Pisa,5,25,,,11,,,,,,,,,,,,,,,,,,,,,,,,,,5.94,5.9,6.06
4374,D,Dd;Dc,Walukiewicz,Sassuolo,5,24,,,12,28.0,5.73,5.64,27.0,5.76,5.65,9.0,5.89,5.89,6.0,5.67,5.58,19.0,5.5,5.53,14.0,5.64,5.61,6.0,11.0,2.0,0.0,0.0,0.0,,5.94,5.94,5.95
5820,D,Dc,Bertola,Udinese,5,22,,,9,,,,,,,0.0,0.0,0.0,1.0,6.5,6.5,,,,,,,,,,0.0,,,,5.93,5.89,6.07
5994,D,Ds;Dc,Ebosse,Torino,5,26,,,7,2.0,5.5,5.25,0.0,0.0,0.0,14.0,5.64,5.54,,,,,,,,,,1.0,3.0,1.0,,,,,5.93,5.9,6.05
697,D,E,Cuadrado,Pisa,5,37,,,8,20.0,6.08,6.1,10.0,6.05,6.2,30.0,5.85,5.92,32.0,6.3,6.62,29.0,6.31,6.64,33.0,6.05,6.18,9.0,12.0,22.0,0.0,0.0,0.0,0.0,6.0,6.09,5.63
7018,D,Dc,Nelsson,Verona,5,26,,,11,4.0,6.0,6.0,,,,,,,,,,,,,,,,,,,,,,,5.94,5.9,6.06
7235,D,Dc,Troilo,Parma,5,22,,,12,,,,,,,,,,,,,,,,,,,,,,,,,,5.94,5.91,6.07
7274,D,Dc,Zè Pedro,Cagliari,5,28,,,11,,,,,,,,,,,,,,,,,,,,,,,,,,5.93,5.9,6.05
6916,D,B;Ds;E,Ahanor,Atalanta,4,18,,,10,6.0,6.0,6.0,,,,,,,,,,,,,,,,,,,,,,,6.01,5.97,6.18
7068,D,Dc,Vitik,Bologna,4,22,,,7,,,,,,,,,,,,,,,,,,,,,,,,,,5.91,5.87,6.07
612,D,Dc,Bianchetti,Cremonese,4,33,,,9,,,,,,,25.0,5.58,5.6,,,,,,,,,,,,7.0,,,,,5.91,5.89,6.02
7130,D,Dc,Folino,Cremonese,4,22,,,8,,,,,,,,,,,,,,,,,,,,,,,,,,5.92,5.88,6.07
770,D,Ds;E,Pezzella Giu.,Cremonese,4,27,,,10,35.0,6.03,6.04,15.0,5.63,5.5,14.0,5.71,5.71,16.0,5.97,6.0,24.0,6.04,6.19,19.0,5.71,5.66,7.0,5.0,5.0,0.0,0.0,0.0,0.0,5.95,5.93,6.05
6495,D,Dc,Comuzzo,Fiorentina,4,20,,,11,28.0,5.91,5.93,2.0,6.0,5.75,,,,,,,,,,,,,10.0,1.0,,,,,,5.91,5.9,5.93
256,D,Ds;Dc,Juan Jesus,Napoli,4,33,,,10,13.0,5.81,5.81,24.0,5.69,5.67,12.0,6.08,6.25,15.0,6.03,6.07,4.0,5.75,5.75,3.0,5.0,4.67,6.0,20.0,8.0,0.0,0.0,0.0,0.0,5.93,5.93,5.96
5481,D,Dd;Ds;E,Mazzocchi,Napoli,4,30,,,7,10.0,5.7,5.65,25.0,5.68,5.64,27.0,6.17,6.46,32.0,5.84,5.83,,,,,,,12.0,20.0,28.0,0.0,,,,5.94,5.9,6.08
5851,D,Ds;E,Doig,Sassuolo,4,23,,,10,,,,28.0,5.82,5.77,21.0,6.07,6.52,,,,,,,,,,,23.0,24.0,,,,,5.92,5.93,5.88
4385,D,Dd;E,Lazaro,Torino,4,29,,,11,31.0,5.98,6.08,30.0,6.02,6.07,20.0,6.0,6.05,0.0,0.0,0.0,,,,6.0,5.83,5.83,8.0,24.0,6.0,,,,,5.96,5.93,6.08
6992,D,B;Dd;E,Oyegoke,Verona,4,22,,,4,3.0,5.83,5.67,,,,,,,,,,,,,,,,,,,,,,,5.93,5.89,6.1
7212,D,Ds;Dc,Heggem,Bologna,4,26,,,12,,,,,,,,,,,,,,,,,,,,,,,,,,5.96,5.94,6.05
7255,D,Dd;Ds;E,Britschgi,Parma,4,19,,,8,,,,,,,,,,,,,,,,,,,,,,,,,,5.82,5.91,5.46
7268,D,Ds;Dc,Rodriguez Ju.,Cagliari,4,20,,,10,,,,,,,,,,,,,,,,,,,,,,,,,,5.86,5.93,5.59
6665,D,Dd;Ds;E,Coulibaly W.,Sassuolo,4,26,,,4,14.0,5.54,5.36,,,,,,,,,,,,,,,,14.0,,,,,,,5.91,5.88,6.05
487,D,Dd;E,De Silvestri,Bologna,3,37,,,8,16.0,5.91,6.06,12.0,6.17,6.67,13.0,5.92,5.96,31.0,5.94,6.18,28.0,5.71,5.86,26.0,5.77,5.73,5.0,8.0,2.0,0.0,0.0,0.0,0.0,5.85,5.91,5.6
791,D,Dd;Ds;E,Sabelli,Genoa,3,34,,,10,30.0,5.87,5.9,31.0,5.92,5.87,,,,7.0,5.71,5.5,,,,36.0,5.89,5.85,8.0,18.0,,,,0.0,,5.92,5.93,5.89
322,D,Dc,De Vrij,Inter,3,33,,,9,22.0,6.18,6.55,22.0,6.27,6.41,25.0,5.94,5.98,28.0,5.8,5.68,32.0,6.22,6.28,34.0,6.29,6.6,18.0,22.0,12.0,0.0,0.0,0.0,0.0,5.91,5.89,6.02
2525,D,B;Dd;E,Darmian,Inter,3,35,,,8,26.0,6.08,6.37,32.0,6.14,6.33,27.0,6.06,6.19,23.0,6.13,6.35,23.0,6.2,6.63,32.0,5.92,5.95,21.0,48.0,18.0,0.0,0.0,0.0,,6.03,5.94,6.38
327,D,Dd;Dc,Patric,Lazio,3,32,,,10,8.0,5.62,5.88,19.0,6.08,6.29,17.0,6.12,6.09,21.0,5.76,5.71,23.0,5.72,5.59,21.0,5.83,5.74,10.0,20.0,8.0,0.0,0.0,0.0,0.0,5.94,5.93,6.01
2263,D,Dd;E,Lazzari,Lazio,3,31,,,9,22.0,5.89,5.86,24.0,5.94,5.9,26.0,6.0,5.77,27.0,5.91,6.3,32.0,6.12,6.34,32.0,6.19,6.16,12.0,24.0,12.0,0.0,0.0,0.0,0.0,5.94,5.92,6.05
6809,D,Dc,Marianucci,Torino,3,21,,,8,13.0,5.81,5.73,,,,,,,,,,,,,,,,1.0,,,,,,,5.92,5.88,6.07
2745,D,B;Dd;E,Calabresi,Pisa,3,29,,,6,,,,,,,0.0,0.0,0.0,0.0,0.0,0.0,1.0,6.0,6.0,0.0,0.0,0.0,,,,,0.0,,0.0,5.96,5.92,6.13
6211,D,Ds;E,Zemura,Udinese,3,25,,,8,21.0,5.81,6.0,21.0,5.86,5.98,,,,,,,,,,,,,4.0,19.0,,,,,,5.93,5.91,6.0
6957,D,Dc,Valentini N.,Verona,3,30,,,8,14.0,5.61,5.43,,,,,,,,,,,,,,,,,,,,,,,5.91,5.88,6.04
7253,D,Dc,Bella-Kotchap,Verona,3,23,,,10,,,,,,,,,,,,,,,,,,,,,,,,,,5.93,5.9,6.07
5168,D,Ds;E,Tsimikas,Roma,3,29,,,8,,,,,,,,,,,,,,,,,,,,,,,,,,5.95,5.91,6.09
7335,D,Dc,Zatterstrom,Genoa,3,19,,,8,,,,,,,,,,,,,,,,,,,,,,,,,,5.92,5.88,6.08
6149,D,Ds;E,Carboni F.,Parma,3,22,,,4,5.0,5.9,5.7,0.0,0.0,0.0,2.0,6.25,6.25,,,,,,,,,,4.0,,1.0,,,,,5.86,5.88,5.8
7353,D,Dc,Pedro Felipe,Sassuolo,3,23,,,3,,,,,,,,,,,,,,,,,,,,,,,,,,5.89,5.84,6.07
2653,D,Ds;E,Lykogiannis,Bologna,2,31,,,10,16.0,6.0,6.16,18.0,5.97,6.36,19.0,5.97,6.21,25.0,5.7,5.78,30.0,5.8,6.1,19.0,5.74,5.68,12.0,12.0,8.0,0.0,0.0,0.0,0.0,5.95,5.93,6.05
7069,D,E,Fortini,Fiorentina,2,19,,,9,,,,,,,,,,,,,,,,,,,,,,,,,,6.05,6.1,5.85
6977,D,Dc,Otoa,Genoa,2,20,,,9,3.0,5.17,4.67,,,,,,,,,,,,,,,,,,,,,,,5.93,5.89,6.08
294,D,Dc,Rugani,Fiorentina,2,31,,,10,0.0,0.0,0.0,14.0,6.11,6.46,7.0,6.0,6.0,12.0,5.96,5.88,12.0,5.79,6.04,8.0,5.31,5.19,,14.0,5.0,0.0,0.0,0.0,0.0,5.92,5.9,6.03
6632,D,Dc,Gaspar K.,Lecce,2,28,,,10,24.0,6.17,6.15,,,,,,,,,,,,,,,,12.0,,,,,,,5.93,5.9,6.05
6883,D,Dc,Jean,Lecce,2,24,,,3,18.0,5.75,5.75,,,,,,,,,,,,,,,,3.0,,,,,,,5.89,5.84,6.07
5273,D,Ds;E,Estupinan,Milan,2,27,,,8,,,,,,,,,,,,,,,,,,,,,,,,,,5.94,5.91,6.08
252,D,Ds;E,Biraghi,Torino,2,32,,,5,21.0,5.83,5.86,28.0,5.96,6.11,32.0,6.05,6.19,37.0,5.96,6.11,35.0,5.91,6.03,23.0,5.98,6.43,30.0,29.0,33.0,0.0,0.0,0.0,0.0,5.91,5.88,6.01
7011,D,Dc,Slotsager,Verona,2,19,,,7,0.0,0.0,0.0,,,,,,,,,,,,,,,,,,,,,,,5.91,5.87,6.08
7202,D,Dc,Ndiaye,Parma,2,23,,,5,,,,,,,,,,,,,,,,,,,,,,,,,,5.9,5.86,6.07
7222,D,Dd;Ds;E,Cham,Verona,2,22,,,6,,,,,,,,,,,,,,,,,,,,,,,,,,5.87,5.89,5.8
7260,D,Dc,Ziolkowski,Roma,2,20,,,9,,,,,,,,,,,,,,,,,,,,,,,,,,5.93,5.89,6.08
5156,D,Ds;E,Nkounkou,Torino,2,25,,,8,,,,,,,,,,,,,,,,,,,,,,,,,,5.93,5.91,6.0
7312,D,Ds;E,Arizala,Udinese,2,19,,,1,,,,,,,,,,,,,,,,,,,,,,,,,,5.77,5.85,5.46
7326,D,Dd;Dc,Helland,Bologna,2,22,,,7,,,,,,,,,,,,,,,,,,,,,,,,,,5.88,5.9,5.8
2006,D,B;Dd;E,Lirola,Verona,2,28,,,7,,,,24.0,5.75,6.02,,,,0.0,0.0,0.0,11.0,5.91,5.86,35.0,5.83,5.83,,13.0,,,,0.0,0.0,5.97,5.93,6.11
7356,D,Dc,Mlacic,Udinese,2,18,,,9,,,,,,,,,,,,,,,,,,,,,,,,,,5.93,5.89,6.08
7377,D,Ds;E,Balbo,Fiorentina,2,19,,,4,,,,,,,,,,,,,,,,,,,,,,,,,,5.79,5.88,5.46
5498,D,Dc,Casale,Bologna,1,27,,,9,15.0,5.63,5.53,19.0,5.68,5.55,29.0,6.0,6.03,34.0,5.85,5.75,,,,,,,15.0,18.0,27.0,0.0,,,,5.92,5.89,6.05
418,D,Dc,Goldaniga,Como,1,32,,,6,30.0,5.83,5.73,13.0,5.65,5.54,,,,11.0,5.64,5.5,24.0,5.85,5.73,11.0,5.59,5.68,4.0,,,0.0,0.0,0.0,0.0,5.84,5.87,5.73
1891,D,Dd;Dc,Ceccherini,Cremonese,1,33,,,7,0.0,0.0,0.0,0.0,0.0,0.0,20.0,5.88,5.9,34.0,5.88,5.79,28.0,5.91,5.66,10.0,5.85,5.7,,,13.0,0.0,0.0,0.0,0.0,5.91,5.9,5.96
5899,D,Dc,Gigot,Lazio,1,31,,,3,10.0,6.2,6.7,,,,,,,,,,,,,,,,19.0,,,,,,,5.88,5.84,6.03
140,D,Dd;Ds;E,Hysaj,Lazio,1,31,,,4,8.0,5.88,6.12,20.0,5.7,5.65,30.0,5.97,6.05,27.0,5.63,5.69,21.0,5.93,5.93,19.0,5.87,6.05,6.0,15.0,20.0,0.0,0.0,0.0,0.0,5.91,5.88,6.05
7164,D,Dd;Dc,Perez M.,Lecce,1,21,,,2,,,,,,,,,,,,,,,,,,,,,,,,,,5.83,5.86,5.7
7182,D,Ds;E,Ndaba,Lecce,1,25,,,7,,,,,,,,,,,,,,,,,,,,,,,,,,5.92,5.9,6.0
7140,D,Dc,Coppola F.,Pisa,1,20,,,4,,,,,,,,,,,,,,,,,,,,,,,,,,5.9,5.85,6.08
2279,D,Dc,Romagna,Sassuolo,1,28,,,8,,,,,,,1.0,5.5,5.5,0.0,0.0,0.0,0.0,0.0,0.0,18.0,5.92,5.83,,,1.0,0.0,0.0,0.0,0.0,5.92,5.88,6.05
7156,D,Ds;E,Pieragnolo,Sassuolo,1,22,,,3,,,,,,,,,,,,,,,,,,,,,,,,,,5.85,5.87,5.8
7196,D,Dc,Denoon,Pisa,1,19,,,4,,,,,,,,,,,,,,,,,,,,,,,,,,5.9,5.85,6.08
6985,D,Ds;Dc,Candè,Sassuolo,1,24,,,5,17.0,5.76,5.82,,,,,,,,,,,,,,,,,,,,,,,5.9,5.88,5.95
7238,D,Dc,Kouadio,Fiorentina,1,19,,,1,,,,,,,,,,,,,,,,,,,,,,,,,,5.88,5.83,6.08
6870,D,Dc,Faye,Cremonese,1,21,,,5,,,,,,,,,,,,,,,,,,,,,,,,,,5.9,5.86,6.07
7271,D,Dc,Odogu,Milan,1,19,,,5,,,,,,,,,,,,,,,,,,,,,,,,,,5.9,5.86,6.08
388,D,Dc,Albiol,Pisa,1,39,,,8,,,,,,,,,,,,,,,,,,,,,,,,,0.0,5.9,5.88,5.96
7325,D,Dc,Bozhinov,Pisa,1,20,,,8,,,,,,,,,,,,,,,,,,,,,,,,,,5.92,5.88,6.08
7346,D,Dd;E,Raterink,Cagliari,1,20,,,1,,,,,,,,,,,,,,,,,,,,,,,,,,5.8,5.85,5.59
6875,C,T;A,Paz N.,Como,26,20,,,245,33.0,6.38,6.95,,,,,,,,,,,,,,,,20.0,,,,,,,7.29,7.37,6.94
4777,C,C;T,McTominay,Napoli,25,28,,,215,34.0,6.56,7.66,,,,,,,,,,,,,,,,57.0,,,,,,,7.4,7.33,7.67
7126,C,T,Baturina,Como,24,22,,,95,,,,,,,,,,,,,,,,,,,,,,,,,,6.78,6.83,6.58
2194,C,M;C,Calhanoglu,Inter,24,31,,,190,28.0,6.34,6.89,32.0,6.47,7.7,33.0,6.36,6.74,33.0,6.36,7.2,33.0,6.27,6.85,35.0,6.3,7.24,163.0,330.0,61.0,0.0,0.0,0.0,0.0,7.05,7.09,6.89
2423,C,T;A,Pulisic,Milan,24,26,,,100,34.0,6.38,7.49,36.0,6.33,7.5,,,,,,,,,,,,,180.0,300.0,,,,,,6.98,6.85,7.52
2379,C,C;T,Rabiot,Milan,23,30,,,195,,,,31.0,6.08,6.5,32.0,6.3,7.03,29.0,5.71,5.69,32.0,5.8,6.09,28.0,5.91,5.93,,65.0,78.0,0.0,0.0,0.0,,7.14,7.23,6.79
2517,C,T,De Bruyne,Napoli,21,34,,,92,,,,,,,,,,,,,,,,,,,,,,,,,,7.29,6.82,9.18
5559,C,C;W;T,Da Cunha,Como,20,24,,,80,35.0,6.1,6.36,,,,,,,,,,,,,,,,32.0,,,,,,,6.58,6.63,6.37
152,C,C;T,Zielinski,Inter,20,31,,,60,20.0,5.98,6.32,27.0,5.94,6.33,37.0,6.3,6.72,34.0,6.12,6.78,36.0,6.39,7.28,36.0,5.99,6.18,26.0,30.0,61.0,0.0,0.0,0.0,0.0,6.58,6.52,6.8
6908,C,C,Atta,Udinese,20,22,,,85,23.0,6.0,5.89,,,,,,,,,,,,,,,,1.0,,,,,,,6.6,6.65,6.4
2167,C,W;A,Orsolini,Bologna,19,28,,,150,29.0,6.53,8.19,31.0,6.16,7.06,32.0,6.16,7.09,26.0,6.04,6.81,31.0,5.97,6.74,37.0,5.92,6.69,90.0,200.0,92.0,0.0,0.0,0.0,0.0,7.41,7.21,8.19
2766,C,T;A,Zaniolo,Udinese,19,26,,,100,18.0,6.03,6.22,,,,13.0,5.81,5.88,27.0,6.0,6.02,0.0,0.0,0.0,25.0,6.16,6.8,30.0,,,0.0,0.0,0.0,0.0,6.88,6.85,6.98
1870,C,C,Barella,Inter,18,28,,,58,33.0,6.26,6.65,37.0,6.38,6.53,35.0,6.26,6.86,36.0,6.49,6.92,36.0,6.29,6.61,27.0,6.07,6.09,75.0,57.0,73.0,0.0,0.0,0.0,0.0,6.54,6.51,6.66
4973,C,M;C,McKennie,Juventus,18,27,,,107,31.0,5.94,6.18,33.0,6.2,6.32,15.0,5.7,5.97,19.0,6.18,6.63,33.0,6.17,6.61,,,,12.0,45.0,,0.0,0.0,,,6.54,6.62,6.18
6884,C,W;A,Conceicao,Juventus,18,22,,,65,25.0,6.12,6.5,,,,,,,,,,,,,,,,24.0,,,,,,,6.61,6.63,6.52
2606,C,C,Modric,Milan,18,39,,,90,,,,,,,,,,,,,,,,,,,,,,,,,,6.63,6.68,6.45
1933,C,M;C,Mandragora,Fiorentina,17,28,,,60,27.0,6.19,6.67,30.0,5.95,6.28,28.0,6.04,6.25,18.0,6.14,6.06,26.0,5.87,6.15,25.0,5.8,5.84,16.0,14.0,22.0,0.0,0.0,0.0,0.0,6.42,6.36,6.67
6717,C,M;C,Konè I.,Sassuolo,17,23,,,67,,,,,,,,,,,,,,,,,,,,,,,,,,6.35,6.4,6.14
5687,C,T,Vlasic,Torino,17,27,,,100,30.0,6.07,6.67,33.0,6.02,6.3,34.0,6.22,6.82,,,,,,,,,,48.0,50.0,68.0,,,,,6.82,6.85,6.7
6151,C,M;C,Perrone,Como,16,22,,,50,25.0,5.94,5.94,,,,,,,,,,,,,,,,6.0,,,,,,,6.26,6.3,6.1
4970,C,C;W,Messias,Genoa,16,34,,,12,16.0,6.0,6.03,17.0,6.18,6.35,25.0,6.0,6.62,26.0,6.0,6.62,36.0,6.24,6.99,,,,24.0,23.0,20.0,0.0,0.0,,,6.37,6.27,6.74
6398,C,W;A,Isaksen,Lazio,16,25,,,35,37.0,6.05,6.34,23.0,6.07,6.46,,,,,,,,,,,,,25.0,25.0,,,,,,6.41,6.42,6.35
4427,C,C;T,Malinovskyi,Genoa,15,32,,,34,9.0,6.33,6.44,23.0,6.22,6.63,12.0,6.0,6.38,29.0,6.26,6.88,32.0,6.39,7.44,32.0,6.27,6.91,26.0,23.0,,0.0,0.0,0.0,,6.47,6.39,6.79
4892,C,E;W,Saelemaekers,Milan,15,26,,,36,22.0,6.39,7.36,30.0,6.08,6.47,29.0,5.91,6.17,34.0,6.01,6.16,32.0,5.94,6.14,12.0,6.0,6.08,12.0,42.0,20.0,0.0,0.0,0.0,,6.35,6.3,6.54
4220,C,M;C,Zambo Anguissa,Napoli,15,29,,,20,35.0,6.41,6.97,33.0,5.82,5.85,36.0,6.25,6.6,23.0,6.28,6.22,,,,,,,19.0,22.0,40.0,0.0,,,,6.3,6.14,6.97
6666,C,C,Bernabè,Parma,15,24,,,23,19.0,6.29,6.47,,,,,,,,,,,,,,,,45.0,,,,,,,6.37,6.33,6.56
5844,C,C;T,Thorstvedt,Sassuolo,15,26,,,40,,,,34.0,5.94,6.4,25.0,6.0,6.2,,,,,,,,,,,43.0,8.0,,,,,6.47,6.42,6.68
6844,C,W;T,Rowe,Bologna,15,22,,,49,,,,,,,,,,,,,,,,,,,,,,,,,,6.49,6.52,6.38
5422,C,E;W,Zalewski,Atalanta,14,23,,,19,19.0,6.03,6.21,22.0,5.8,5.77,32.0,5.98,6.16,13.0,5.85,5.81,1.0,6.0,7.0,,,,8.0,18.0,16.0,0.0,0.0,,,6.21,6.17,6.37
2529,C,C;T,Mkhitaryan,Inter,14,36,,,14,32.0,6.06,6.25,36.0,6.4,6.68,31.0,6.1,6.39,31.0,6.21,6.82,34.0,6.32,7.74,22.0,6.25,7.59,39.0,40.0,33.0,0.0,0.0,0.0,,6.27,6.28,6.24
5562,C,M;C,Thuram K.,Juventus,14,24,,,41,33.0,6.3,6.74,,,,,,,,,,,,,,,,25.0,,,,,,,6.35,6.25,6.75
6190,C,C,Pisilli,Roma,14,21,,,17,24.0,5.98,6.12,0.0,0.0,0.0,,,,,,,,,,,,,1.0,1.0,,,,,,6.3,6.3,6.31
6684,C,C;T,Ekkelenkamp,Udinese,14,25,,,51,33.0,5.97,6.27,,,,,,,,,,,,,,,,12.0,,,,,,,6.44,6.47,6.28
7314,C,C;T,Taylor K.,Lazio,14,22,,,52,,,,,,,,,,,,,,,,,,,,,,,,,,6.46,6.48,6.4
5792,C,M;C,Ederson D.S.,Atalanta,13,26,,,30,36.0,6.17,6.49,36.0,6.14,6.56,34.0,5.94,6.0,15.0,6.17,6.47,,,,,,,55.0,51.0,21.0,0.0,,,,6.25,6.19,6.5
184,C,W;A,Bernardeschi,Bologna,13,31,,,33,,,,,,,,,,26.0,5.9,6.04,21.0,5.76,5.79,25.0,5.5,5.56,,,,0.0,0.0,0.0,0.0,6.46,6.41,6.68
2765,C,T;A,Odgaard,Bologna,13,28,,,14,28.0,6.14,6.84,9.0,6.22,7.0,,,,,,,,,,,,,13.0,22.0,,,,,0.0,6.61,6.54,6.88
4364,C,T,Gaetano,Cagliari,13,24,,,15,27.0,6.04,6.41,17.0,6.12,6.88,4.0,6.12,6.88,,,,,,,0.0,0.0,0.0,40.0,44.0,5.0,,,,,6.52,6.54,6.43
5036,C,C;T,Caqueret,Como,13,25,,,18,16.0,6.34,6.78,,,,,,,,,,,,,,,,,,,,,,,6.37,6.3,6.62
4486,C,W;A,Strefezza,Parma,13,28,,,50,37.0,6.27,6.8,19.0,5.82,5.87,34.0,6.31,6.97,,,,,,,32.0,5.91,5.92,32.0,,78.0,,,0.0,,6.58,6.53,6.8
5800,C,T;A,Gudmundsson A.,Fiorentina,13,28,,,35,21.0,6.12,6.98,35.0,6.47,7.64,,,,11.0,5.68,5.82,,,,,,,170.0,330.0,,0.0,,,,6.7,6.62,7.02
632,C,W;A,Zaccagni,Lazio,13,30,,,25,34.0,6.28,7.01,28.0,6.23,6.77,35.0,6.54,7.44,30.0,6.3,6.93,35.0,6.3,6.79,33.0,6.11,6.36,155.0,120.0,180.0,0.0,0.0,0.0,,6.49,6.35,7.01
5504,C,M;C,Coulibaly L.,Lecce,13,28,,,21,37.0,5.96,6.0,27.0,5.72,5.65,35.0,6.06,6.23,31.0,5.79,5.74,,,,,,,9.0,19.0,18.0,0.0,,,,6.11,6.14,6.0
536,C,W,Politano,Napoli,13,32,,,31,37.0,6.11,6.42,37.0,6.19,6.89,23.0,6.22,6.54,31.0,6.13,6.5,36.0,6.22,7.01,22.0,5.93,6.27,70.0,85.0,28.0,0.0,0.0,0.0,0.0,6.4,6.4,6.42
779,C,M;C,Cristante,Roma,13,30,,,26,28.0,6.2,6.59,37.0,6.11,6.35,36.0,5.99,5.89,34.0,5.97,5.96,31.0,5.82,5.77,24.0,5.77,5.81,20.0,34.0,20.0,0.0,0.0,0.0,0.0,6.25,6.17,6.59
5589,C,M;C,Konè M.,Roma,13,24,,,39,33.0,6.26,6.38,,,,,,,,,,,,,,,,17.0,,,,,,,6.27,6.24,6.39
530,C,C;T,Pellegrini Lo.,Roma,13,29,,,24,25.0,5.68,5.88,29.0,6.14,6.95,32.0,5.97,6.33,27.0,6.28,7.13,33.0,6.3,6.94,27.0,6.2,6.5,73.0,175.0,64.0,0.0,0.0,0.0,0.0,6.42,6.33,6.78
5735,C,W;T,Volpato,Sassuolo,13,21,,,17,,,,17.0,5.85,6.0,6.0,6.0,6.67,1.0,7.0,10.0,,,,,,,,14.0,1.0,0.0,,,,6.3,6.3,6.29
5888,C,C;T,Casadei,Torino,13,22,,,20,15.0,6.03,6.27,,,,0.0,0.0,0.0,,,,,,,,,,,,,,,,,6.33,6.31,6.4
2077,C,C;T,Pasalic,Atalanta,12,30,,,14,33.0,5.91,6.14,33.0,6.21,6.89,32.0,5.95,6.41,33.0,6.24,7.56,20.0,6.08,7.0,34.0,6.15,6.88,52.0,130.0,40.0,0.0,0.0,0.0,0.0,6.25,6.28,6.14
4404,C,C;T,Thorsby,Cremonese,12,29,,,12,27.0,5.78,5.65,21.0,5.98,6.31,,,,35.0,5.86,6.0,33.0,6.03,6.18,23.0,5.74,5.63,10.0,15.0,,0.0,0.0,0.0,,6.37,6.27,6.78
827,C,M;C,Locatelli,Juventus,12,27,,,47,35.0,6.19,6.26,35.0,5.83,5.94,31.0,6.15,6.08,29.0,6.16,6.47,34.0,6.28,6.53,33.0,6.24,6.17,19.0,28.0,29.0,0.0,0.0,0.0,0.0,6.28,6.29,6.26
7351,C,W;A,Santos A.,Napoli,12,21,,,54,,,,,,,,,,,,,,,,,,,,,,,,,,6.5,6.55,6.29
7133,C,W;T,Vandeputte,Cremonese,11,28,,,15,,,,,,,,,,,,,,,,,,,,,,,,,,6.36,6.29,6.68
4465,C,C,Fagioli,Fiorentina,11,24,,,35,24.0,5.92,6.04,8.0,6.06,6.25,23.0,6.13,6.59,0.0,0.0,0.0,1.0,6.0,6.0,0.0,0.0,0.0,18.0,10.0,29.0,,0.0,0.0,,6.42,6.39,6.56
7070,C,C,Sucic P.,Inter,11,21,,,21,,,,,,,,,,,,,,,,,,,,,,,,,,6.32,6.32,6.31
333,C,M;C,Cataldi,Lazio,11,31,,,17,24.0,6.04,6.4,22.0,5.98,5.95,28.0,5.98,5.93,30.0,6.03,6.08,13.0,5.73,5.58,16.0,6.09,6.22,7.0,20.0,12.0,0.0,0.0,0.0,0.0,6.16,6.12,6.31
5674,C,C,Basic,Lazio,11,28,,,25,0.0,0.0,0.0,14.0,5.54,5.36,14.0,6.0,6.18,20.0,5.85,5.88,,,,,,,,23.0,6.0,0.0,,,,6.42,6.34,6.76
5453,C,M;C,Ricci S.,Milan,11,24,,,13,34.0,6.06,6.03,30.0,5.9,5.87,28.0,6.16,6.3,30.0,5.88,5.95,,,,,,,20.0,24.0,37.0,0.0,,,,6.09,6.1,6.04
6898,C,M;C,Keita M.,Parma,11,29,,,18,28.0,5.73,5.66,,,,,,,,,,,,,,,,12.0,,,,,,,6.03,6.13,5.66
5651,C,W,Harrison,Fiorentina,11,29,,,23,,,,,,,,,,,,,,,,,,,,,,,,,,6.41,6.34,6.69
4947,C,C;T,Brescianini,Fiorentina,10,27,,,15,23.0,6.13,6.72,35.0,6.09,6.44,,,,,,,,,,,,,38.0,24.0,,,,,,6.37,6.29,6.72
4896,C,T;A,Maldini,Lazio,10,23,,,20,27.0,6.02,6.59,16.0,6.19,6.97,15.0,6.07,6.43,3.0,6.33,7.17,0.0,0.0,0.0,1.0,6.0,6.0,21.0,35.0,2.0,0.0,0.0,0.0,,6.57,6.56,6.6
6252,C,C;T,Folorunsho,Cagliari,10,27,,,14,13.0,5.96,5.77,33.0,6.0,6.41,,,,,,,,,,,,,15.0,41.0,,,,,,6.37,6.28,6.72
4686,C,M;C,Fofana Y.,Milan,10,26,,,18,34.0,6.03,6.22,,,,,,,,,,,,,,,,19.0,,,,,,,6.15,6.13,6.23
4199,C,C;T,Loftus-Cheek,Milan,10,29,,,12,18.0,5.86,5.78,29.0,6.12,6.69,,,,,,,,,,,,,51.0,65.0,,,,,,6.37,6.27,6.78
4287,C,M;C,Lobotka,Napoli,10,30,,,20,31.0,6.05,6.03,38.0,5.93,5.91,38.0,6.26,6.34,21.0,6.29,6.38,5.0,6.0,5.8,13.0,6.12,6.12,16.0,30.0,50.0,0.0,0.0,0.0,,6.12,6.14,6.03
6831,C,W;A,Neres,Napoli,10,28,,,15,25.0,6.32,6.72,,,,,,,,,,,,,,,,77.0,,,,,,,6.37,6.29,6.72
2334,C,W,Leris,Pisa,10,28,,,12,,,,,,,32.0,5.88,5.8,0.0,0.0,0.0,9.0,5.89,5.83,13.0,5.85,6.08,,,9.0,,0.0,0.0,0.0,6.35,6.27,6.68
1976,C,M;C,Mazzitelli,Cagliari,10,29,,,12,8.0,6.0,6.44,29.0,6.1,6.52,0.0,0.0,0.0,,,,,,,0.0,0.0,0.0,18.0,33.0,,,,,0.0,6.13,6.09,6.29
22,C,M;C,De Roon,Atalanta,9,34,,,22,36.0,6.15,6.53,30.0,5.97,5.97,34.0,6.1,6.26,30.0,5.95,6.13,35.0,6.07,6.06,34.0,5.97,6.06,16.0,28.0,22.0,0.0,0.0,0.0,0.0,6.22,6.15,6.53
5119,C,T,Samardzic,Atalanta,9,23,,,11,28.0,6.09,6.25,33.0,6.18,6.74,32.0,6.05,6.59,13.0,6.12,6.73,,,,,,,53.0,55.0,22.0,0.0,,,,6.48,6.53,6.26
6054,C,M;C,Moro N.,Bologna,9,27,,,11,16.0,6.0,6.03,17.0,6.03,6.21,25.0,6.04,6.3,,,,,,,,,,8.0,16.0,13.0,,,,,6.12,6.09,6.25
6294,C,M;C,Ndour,Fiorentina,9,21,,,22,7.0,5.71,5.64,,,,,,,,,,,,,,,,,,,,,,,6.13,6.15,6.07
5791,C,M;C,Frendrup,Genoa,9,24,,,15,35.0,6.0,6.04,37.0,6.23,6.42,,,,10.0,5.8,5.75,,,,,,,27.0,35.0,,0.0,,,,6.1,6.11,6.05
4711,C,E;W,Kostic,Juventus,9,32,,,8,0.0,0.0,0.0,29.0,5.91,5.98,36.0,6.11,6.6,,,,,,,,,,7.0,25.0,64.0,,,,,6.14,6.09,6.34
795,C,W,El Shaarawy,Roma,9,32,,,11,21.0,6.19,6.71,29.0,6.05,6.4,26.0,6.37,7.15,24.0,5.92,6.27,9.0,5.67,5.94,,,,19.0,39.0,44.0,0.0,0.0,,0.0,6.34,6.26,6.66
5823,C,T;A,Baldanzi,Genoa,9,22,,,15,21.0,6.0,6.14,24.0,6.08,6.27,26.0,6.15,6.58,,,,,,,,,,20.0,25.0,37.0,,,,,6.46,6.54,6.15
6680,C,M;C,Karlstrom,Udinese,9,30,,,15,37.0,5.85,5.78,,,,,,,,,,,,,,,,8.0,,,,,,,6.04,6.11,5.78
5761,C,W,Zhegrova,Juventus,9,26,,,12,,,,,,,,,,,,,,,,,,,,,,,,,,6.34,6.27,6.62
7318,C,C;T,Gandelman,Lecce,9,28,,,13,,,,,,,,,,,,,,,,,,,,,,,,,,6.37,6.28,6.76
788,C,M;C,Freuler,Bologna,8,33,,,14,37.0,6.19,6.22,32.0,6.11,6.06,0.0,0.0,0.0,29.0,5.93,5.83,33.0,6.3,6.52,30.0,6.05,6.23,19.0,27.0,,0.0,0.0,0.0,0.0,6.13,6.1,6.22
5298,C,M;C,Pobega,Bologna,8,27,,,13,20.0,6.05,6.25,7.0,5.93,5.93,14.0,5.96,6.25,31.0,6.26,6.5,20.0,6.1,6.85,,,,10.0,11.0,10.0,0.0,0.0,,,6.13,6.1,6.25
4870,C,M;C,Adopo,Cagliari,8,25,,,13,34.0,5.87,5.91,4.0,5.75,6.0,4.0,5.88,5.75,,,,,,,,,,3.0,4.0,4.0,,,,,6.06,6.1,5.92
6020,C,C;W,Ellertsson,Genoa,8,23,,,10,35.0,6.01,6.21,,,,5.0,5.8,5.7,,,,,,,,,,11.0,,,,,,,6.25,6.26,6.23
5301,C,E;W,Luis Henrique,Inter,8,23,,,12,,,,,,,,,,,,,,,,,,,,,,,,,,6.17,6.12,6.37
6394,C,M;C,Ramadani,Lecce,8,26,,,13,27.0,5.85,5.94,34.0,5.82,5.72,,,,,,,,,,,,,10.0,23.0,,,,,,6.07,6.1,5.95
6271,C,M;C,El Aynaoui,Roma,8,23,,,11,,,,,,,,,,,,,,,,,,,,,,,,,,6.1,6.09,6.14
6815,C,W,Fadera,Sassuolo,8,23,,,10,24.0,6.0,6.19,,,,,,,,,,,,,,,,13.0,,,,,,,6.24,6.25,6.21
2839,C,W;A,Sottil,Lecce,8,26,,,9,21.0,5.95,6.12,18.0,5.97,6.44,16.0,5.97,6.06,22.0,6.0,6.41,19.0,6.03,6.32,12.0,5.83,5.75,19.0,21.0,10.0,0.0,0.0,0.0,,6.32,6.24,6.62
7223,C,W;T,Vergara,Napoli,8,22,,,12,,,,,,,,,,,,,,,,,,,,,,,,,,6.29,6.27,6.38
2528,C,M;C,Matic,Sassuolo,8,37,,,13,,,,0.0,0.0,0.0,34.0,6.16,6.32,,,,,,,,,,,,21.0,,,,,6.14,6.1,6.33
4349,C,M;C,Nicolussi Caviglia,Parma,8,25,,,15,35.0,6.2,6.53,6.0,5.92,6.0,11.0,5.73,5.91,,,,0.0,0.0,0.0,0.0,0.0,0.0,4.0,10.0,6.0,,0.0,,0.0,6.19,6.11,6.54
6424,C,M;C,Prati,Torino,7,21,,,11,10.0,5.85,5.8,26.0,5.92,6.0,,,,,,,,,,,,,12.0,15.0,,,,,,6.08,6.09,6.07
6640,C,W,Felici,Cagliari,7,24,,,7,18.0,5.83,5.97,,,,,,,,,,,,,,,,12.0,,,,,,,6.29,6.23,6.52
5813,C,C;T,Miretti,Juventus,7,22,,,12,25.0,5.98,6.42,20.0,5.78,5.9,25.0,5.96,6.02,4.0,6.0,6.0,,,,,,,18.0,23.0,8.0,0.0,,,,6.3,6.27,6.4
6015,C,C;T,Berisha M.,Lecce,7,21,,,9,14.0,6.07,5.96,,,,,,,,,,,,,,,,,,,,,,,6.27,6.25,6.31
6549,C,W;A,Pierotti,Lecce,7,27,,,13,35.0,5.81,6.1,7.0,6.07,6.21,,,,,,,,,,,,,4.0,7.0,,,,,,6.24,6.27,6.11
5131,C,M;C,Gilmour,Napoli,7,24,,,12,17.0,6.0,6.06,,,,,,,,,,,,,,,,11.0,,,,,,,6.11,6.09,6.17
6170,C,C,Gineitis,Torino,7,21,,,9,28.0,5.95,6.21,10.0,6.05,5.95,2.0,6.0,5.5,,,,,,,,,,12.0,4.0,1.0,,,,,6.25,6.25,6.23
7028,C,C,Bernede,Verona,7,26,,,11,12.0,5.79,5.96,,,,,,,,,,,,,,,,,,,,,,,6.35,6.27,6.68
7198,C,C,Piotrowski,Udinese,7,26,,,11,,,,,,,,,,,,,,,,,,,,,,,,,,6.35,6.27,6.68
7208,C,M;C,Miller L.,Udinese,7,23,,,11,,,,,,,,,,,,,,,,,,,,,,,,,,6.1,6.09,6.14
7209,C,C,Sorensen O.,Parma,7,23,,,12,,,,,,,,,,,,,,,,,,,,,,,,,,6.31,6.27,6.49
6005,C,C;T,Ilkhan,Torino,7,21,,,8,,,,0.0,0.0,0.0,6.0,5.83,5.75,,,,,,,,,,,,3.0,,,,,6.26,6.25,6.31
6274,C,C,Diouf,Inter,7,21,,,13,,,,,,,,,,,,,,,,,,,,,,,,,,6.28,6.28,6.31
4479,C,W;T,Elmas,Napoli,7,25,,,13,13.0,6.12,7.04,9.0,6.0,6.56,34.0,6.15,6.69,32.0,6.11,6.48,21.0,5.88,6.17,19.0,5.97,6.03,,,38.0,0.0,0.0,0.0,,6.33,6.27,6.58
801,C,M;C,Gagliardini,Verona,7,31,,,12,6.0,5.67,5.58,32.0,5.88,5.92,13.0,5.62,5.46,15.0,6.1,6.57,22.0,6.05,6.5,24.0,5.94,6.33,9.0,25.0,4.0,0.0,0.0,0.0,0.0,6.14,6.09,6.31
6024,C,M;C,Sulemana I.,Cagliari,6,23,,,10,6.0,6.17,7.08,19.0,5.89,6.13,13.0,5.92,5.77,,,,,,,,,,4.0,20.0,4.0,,,,,6.09,6.08,6.14
5784,C,C,Aebischer,Pisa,6,28,,,12,13.0,5.77,5.69,31.0,6.0,5.9,26.0,5.87,5.9,8.0,5.88,5.81,,,,,,,20.0,16.0,7.0,0.0,,,,6.37,6.27,6.76
6206,C,C;T,Fabbian,Fiorentina,6,22,,,9,22.0,6.09,6.48,22.0,6.23,6.86,,,,,,,,,,,,,43.0,45.0,,,,,,6.28,6.25,6.4
1871,C,M;C,Deiola,Cagliari,6,31,,,11,25.0,5.98,6.14,22.0,5.7,5.59,,,,31.0,5.82,6.16,20.0,5.65,5.58,10.0,5.8,6.05,6.0,9.0,,0.0,0.0,0.0,0.0,6.13,6.09,6.31
6629,C,C;T,Dele-Bashiru,Lazio,6,24,,,14,17.0,6.06,6.65,,,,,,,,,,,,,,,,20.0,,,,,,,6.34,6.28,6.56
5998,C,E;W,Zerbin,Cremonese,6,26,,,9,18.0,6.0,6.11,16.0,5.78,5.78,4.0,5.75,5.62,,,,,,,,,,4.0,22.0,3.0,,,,,6.19,6.1,6.54
7138,C,M;C,Ordonez C.,Parma,6,21,,,12,,,,,,,,,,,,,,,,,,,,,,,,,,6.09,6.09,6.07
5318,C,W;T,Tramoni M.,Pisa,6,24,,,10,,,,,,,,,,,,,2.0,5.75,5.75,,,,,,,,0.0,,,6.31,6.25,6.52
6246,C,M;C,Lipani,Sassuolo,6,20,,,8,,,,7.0,6.0,6.0,,,,,,,,,,,,,,5.0,,,,,,6.06,6.07,6.03
6458,C,C,Serdar,Verona,6,28,,,10,21.0,5.79,6.02,23.0,6.07,5.96,,,,,,,,,,,,,10.0,15.0,,,,,,6.36,6.26,6.76
5858,C,C;T,Ferguson,Bologna,5,26,,,12,14.0,6.11,6.39,31.0,6.39,6.94,31.0,6.24,6.85,,,,,,,,,,42.0,50.0,54.0,,,,,6.35,6.27,6.68
27,C,M;C,Grassi,Cremonese,5,30,,,8,28.0,5.91,5.84,26.0,5.92,5.77,20.0,5.92,5.85,28.0,5.95,5.88,20.0,5.72,5.55,14.0,5.93,6.0,4.0,6.0,3.0,0.0,0.0,0.0,0.0,6.02,6.07,5.84
6917,C,M;C,Masini,Genoa,5,23,,,7,18.0,6.06,6.17,,,,,,,,,,,,,,,,,,,,,,,6.08,6.06,6.14
5457,C,M;C,Maleh,Cremonese,5,30,,,5,22.0,5.82,5.75,34.0,5.79,5.66,21.0,5.81,5.76,23.0,6.07,6.26,,,,,,,8.0,15.0,8.0,0.0,,,,6.1,6.05,6.3
5992,C,M;C,Bondo,Cremonese,5,22,,,12,22.0,5.91,5.77,25.0,5.84,5.78,2.0,5.75,5.5,,,,,,,,,,5.0,1.0,,,,,,6.09,6.09,6.1
5295,C,C;W,Musah,Atalanta,5,22,,,11,26.0,5.69,5.67,25.0,5.92,5.86,,,,,,,,,,,,,10.0,21.0,,,,,,6.29,6.27,6.4
5290,C,M;C,Estevez,Parma,5,29,,,8,12.0,5.79,5.71,,,,,,,,,,27.0,5.87,5.85,,,,10.0,,,,0.0,,,6.11,6.07,6.29
7146,C,E;M,Tourè I.,Pisa,5,26,,,12,,,,,,,,,,,,,,,,,,,,,,,,,,6.2,6.12,6.54
6593,C,C;T,Akinsanmiro,Pisa,5,19,,,11,,,,,,,,,,,,,,,,,,,,,,,,,,6.23,6.27,6.09
6481,C,C,Payero,Cremonese,5,26,,,8,25.0,5.9,5.96,28.0,5.88,6.02,,,,,,,,,,,,,13.0,34.0,,,,,,6.34,6.25,6.68
5286,C,M;C,Akpa Akpro,Verona,5,33,,,10,14.0,5.57,5.43,14.0,5.82,5.64,24.0,6.04,6.0,6.0,5.33,5.25,25.0,5.96,5.82,,,,2.0,17.0,9.0,0.0,0.0,,,6.13,6.08,6.33
7322,C,M;C,Ngom,Lecce,5,25,,,1,,,,,,,,,,,,,,,,,,,,,,,,,,6.06,6.03,6.2
7331,C,M;C,Loyola,Pisa,5,23,,,11,,,,,,,,,,,,,,,,,,,,,,,,,,6.1,6.09,6.14
7341,C,M;C,Amorim,Genoa,5,25,,,11,,,,,,,,,,,,,,,,,,,,,,,,,,6.11,6.09,6.2
2848,C,C;T,Frattesi,Inter,4,25,,,10,23.0,6.02,6.72,28.0,6.27,7.0,36.0,6.26,6.79,36.0,6.08,6.36,0.0,0.0,0.0,,,,62.0,55.0,68.0,0.0,,,,6.33,6.26,6.62
5685,C,C;T,Koopmeiners,Juventus,4,27,,,11,28.0,5.98,6.39,34.0,6.4,7.53,33.0,6.36,7.14,28.0,6.3,6.62,,,,,,,160.0,300.0,70.0,0.0,,,,6.29,6.27,6.4
5319,C,C,Sohm,Bologna,4,24,,,12,37.0,6.03,6.26,,,,,,,,,,17.0,5.65,5.79,,,,13.0,,,,0.0,,,6.27,6.27,6.27
7145,C,E;M,Piccinini G.,Pisa,4,23,,,10,,,,,,,,,,,,,,,,,,,,,,,,,,6.16,6.1,6.37
5688,C,W;T,Harroui,Verona,4,27,,,10,10.0,5.95,6.4,17.0,6.15,6.79,17.0,5.94,6.24,10.0,5.8,5.7,,,,,,,34.0,25.0,10.0,0.0,,,,6.33,6.25,6.66
6486,C,W;T,Suslov,Verona,4,23,,,13,31.0,5.84,5.76,30.0,6.12,6.47,,,,,,,,,,,,,37.0,40.0,,,,,,6.17,6.27,5.78
7203,C,C,Jashari,Milan,4,23,,,10,,,,,,,,,,,,,,,,,,,,,,,,,,6.31,6.26,6.49
6218,C,W;T;A,Oristanio,Parma,4,22,,,10,37.0,6.05,6.34,24.0,6.1,6.38,,,,,,,,,,,,,23.0,26.0,,,,,,6.27,6.25,6.36
6575,C,W;A,Zaragoza,Roma,4,23,,,10,,,,,,,,,,,,,,,,,,,,,,,,,,6.29,6.25,6.46
4284,C,M;C,Sergi Roberto,Como,3,33,,,12,12.0,6.0,5.92,,,,,,,,,,,,,,,,18.0,,,,,,,6.14,6.09,6.33
6010,C,C;T,Fazzini,Fiorentina,3,22,,,10,20.0,6.42,6.98,25.0,5.92,5.96,15.0,5.9,5.8,,,,,,,,,,19.0,12.0,8.0,,,,,6.29,6.26,6.4
6191,C,M;C,Belahyane,Lazio,3,21,,,7,26.0,5.77,5.69,2.0,6.25,6.25,,,,,,,,,,,,,4.0,1.0,,,,,,5.99,6.06,5.7
6984,C,W;A,Ondrejka,Parma,3,22,,,9,10.0,6.35,7.85,,,,,,,,,,,,,,,,,,,,,,,6.27,6.24,6.38
7147,C,M;C,Hojholt,Pisa,3,24,,,7,,,,,,,,,,,,,,,,,,,,,,,,,,6.08,6.06,6.17
7150,C,C,Vural,Pisa,3,19,,,6,,,,,,,,,,,,,,,,,,,,,,,,,,6.21,6.24,6.09
7157,C,C,Iannoni,Sassuolo,3,23,,,8,,,,,,,,,,,,,,,,,,,,,,,,,,6.3,6.25,6.49
6212,C,M;C,Zarraga,Udinese,3,28,,,6,18.0,5.78,5.94,7.0,6.07,6.93,,,,,,,,,,,,,6.0,15.0,,,,,,6.1,6.06,6.27
5850,C,C,Lovric,Verona,3,28,,,9,35.0,5.96,6.11,29.0,5.97,6.09,36.0,6.18,6.71,,,,,,,,,,23.0,25.0,58.0,,,,,6.23,6.25,6.12
7254,C,T,Lorran,Pisa,3,19,,,8,,,,,,,,,,,,,,,,,,,,,,,,,,6.53,6.52,6.59
6112,C,E;W,Iling Junior,Pisa,3,21,,,11,4.0,6.0,6.75,20.0,5.98,6.2,8.0,6.19,6.62,,,,,,,,,,11.0,23.0,3.0,,,,,6.12,6.11,6.15
7132,C,M;C,Collocolo,Cremonese,2,26,,,8,,,,,,,,,,,,,,,,,,,,,,,,,,6.1,6.07,6.22
5788,C,T,Sabiri,Fiorentina,2,29,,,4,,,,0.0,0.0,0.0,18.0,5.78,5.81,13.0,6.15,6.88,,,,,,,,,4.0,0.0,,,,6.72,6.51,7.59
6980,C,W,Venturino,Roma,2,19,,,12,3.0,6.83,8.83,,,,,,,,,,,,,,,,,,,,,,,6.23,6.27,6.07
4459,C,M;C,Rovella,Lazio,2,23,,,8,33.0,6.11,6.0,21.0,6.12,6.07,25.0,6.1,6.16,20.0,6.1,6.12,18.0,5.83,5.83,2.0,6.0,6.0,11.0,23.0,16.0,0.0,0.0,0.0,,6.06,6.07,6.01
5872,C,C;T,Helgason,Lecce,2,26,,,7,17.0,6.03,6.26,0.0,0.0,0.0,7.0,5.79,5.79,,,,,,,,,,,,1.0,,,,,6.33,6.24,6.68
7149,C,M;C,Marin M.,Pisa,2,27,,,8,,,,,,,,,,,,,,,,,,,,,,,,,,6.1,6.07,6.25
6219,C,M;C,Boloca,Sassuolo,2,26,,,4,,,,30.0,5.85,5.82,,,,,,,,,,,,,,21.0,,,,,,6.08,6.05,6.22
6889,C,C;T,Anjorin,Torino,2,23,,,9,22.0,6.3,6.64,,,,,,,,,,,,,,,,4.0,,,,,,,6.3,6.25,6.49
5540,C,M;C,Niasse,Verona,2,28,,,9,11.0,5.5,5.32,,,,,,,,,,,,,,,,,,,,,,,6.11,6.07,6.27
7248,C,M;C,Gorter,Lecce,2,25,,,1,,,,,,,,,,,,,,,,,,,,,,,,,,6.06,6.03,6.2
7010,C,M;C,Al-Musrati,Verona,2,29,,,7,,,,,,,,,,,,,,,,,,,,,,,,,,6.11,6.06,6.29
4677,C,W,Cornet,Genoa,2,29,,,5,6.0,6.08,7.25,,,,,,,,,,,,,,,,,,,,,,,6.31,6.22,6.69
7036,C,C;T,Bakola,Sassuolo,2,19,,,7,,,,,,,,,,,,,,,,,,,,,,,,,,6.21,6.24,6.09
7165,C,M;C,Liteta,Cagliari,1,19,,,6,,,,,,,,,,,,,,,,,,,,,,,,,,6.04,6.06,5.98
6645,C,T,Marchwinski,Lecce,1,23,,,2,0.0,0.0,0.0,,,,,,,,,,,,,,,,16.0,,,,,,,6.53,6.5,6.64
4890,C,M;C,Tameze,Torino,1,31,,,9,15.0,5.9,5.83,28.0,5.79,5.73,37.0,5.81,5.77,36.0,6.25,6.58,32.0,5.92,5.92,3.0,6.17,6.17,9.0,15.0,12.0,0.0,0.0,0.0,,6.12,6.07,6.31
5007,C,C,Ilic,Torino,1,24,,,8,16.0,5.91,5.97,28.0,6.07,6.38,25.0,6.06,6.34,32.0,6.06,6.08,28.0,5.93,6.11,,,,21.0,20.0,28.0,0.0,0.0,,,6.31,6.25,6.56
6677,C,C;T,Adzic,Juventus,1,19,,,1,1.0,6.0,6.0,,,,,,,,,,,,,,,,1.0,,,,,,,6.19,6.21,6.09
5610,C,M;C,Vranckx,Sassuolo,1,23,,,9,,,,,,,5.0,5.9,5.8,,,,,,,,,,,,3.0,,,,,6.09,6.07,6.14
7246,C,C,Sala A.,Lecce,1,19,,,9,,,,,,,,,,,,,,,,,,,,,,,,,,6.22,6.25,6.09
5561,C,W;T,Stengs,Pisa,1,26,,,8,,,,,,,,,,,,,,,,,,,,,,,,,,6.31,6.24,6.62
6538,C,M;C,Onana J.,Genoa,1,25,,,4,7.0,5.86,5.79,,,,,,,,,,,,,,,,,,,,,,,6.08,6.05,6.2
7276,C,C,Cremaschi,Parma,1,21,,,8,,,,,,,,,,,,,,,,,,,,,,,,,,6.26,6.25,6.31
7319,C,M;C,Fofana Sa.,Lecce,1,24,,,6,,,,,,,,,,,,,,,,,,,,,,,,,,6.08,6.06,6.17
7345,C,W;T,Przyborek,Lazio,1,19,,,6,,,,,,,,,,,,,,,,,,,,,,,,,,6.19,6.22,6.07
7357,C,C;T,Lahdo,Como,1,22,,,5,,,,,,,,,,,,,,,,,,,,,,,,,,6.27,6.23,6.4
2764,A,Pc,Martinez L.,Inter,33,28,,,315,31.0,6.19,7.44,33.0,6.65,8.73,37.0,6.42,8.16,33.0,6.38,8.02,38.0,6.46,7.87,35.0,6.21,7.29,406.0,450.0,412.0,0.0,0.0,0.0,0.0,7.65,7.71,7.43
4871,A,Pc,Thuram,Inter,32,28,,,270,32.0,6.33,7.75,35.0,6.54,7.81,,,,,,,,,,,,,260.0,320.0,,,,,,7.57,7.52,7.74
6052,A,Pc,Hojlund,Napoli,27,22,,,213,,,,,,,30.0,6.12,7.07,,,,,,,,,,,,126.0,,,,,7.29,7.29,7.27
7017,A,Pc,Douvikas,Como,26,26,,,200,12.0,6.21,6.75,,,,,,,,,,,,,,,,,,,,,,,7.28,7.24,7.42
6434,A,A,Yildiz,Juventus,26,20,,,182,34.0,6.34,7.01,21.0,6.05,6.29,,,,,,,,,,,,,84.0,30.0,,,,,,7.27,7.34,7.03
531,A,A,Berardi,Sassuolo,25,31,,,90,,,,17.0,6.53,8.06,24.0,6.58,8.1,33.0,6.71,8.33,30.0,6.6,8.37,31.0,6.5,7.85,,50.0,249.0,0.0,0.0,0.0,0.0,6.93,6.86,7.24
5585,A,A,Malen,Roma,25,26,,,350,,,,,,,,,,,,,,,,,,,,,,,,,,8.01,8.21,7.22
6435,A,Pc,Krstovic,Atalanta,24,24,,,95,37.0,6.05,6.92,33.0,5.91,6.3,,,,,,,,,,,,,72.0,47.0,,,,,,6.84,6.81,6.93
5637,A,Pc,Davis K.,Udinese,24,27,,,110,16.0,6.0,6.38,5.0,6.2,6.6,,,,,,,,,,,,,8.0,20.0,,,,,,6.98,6.87,7.41
2137,A,Pc,Scamacca,Atalanta,23,26,,,95,0.0,0.0,0.0,28.0,6.41,7.89,0.0,0.0,0.0,32.0,6.22,7.61,26.0,6.17,7.08,,,,145.0,330.0,,0.0,0.0,,0.0,6.93,6.81,7.42
505,A,A,Bonazzoli,Cremonese,22,28,,,40,,,,22.0,5.89,6.3,21.0,6.0,6.36,31.0,6.23,7.1,15.0,5.97,6.53,18.0,6.22,7.19,,26.0,8.0,0.0,0.0,0.0,,6.73,6.6,7.26
7071,A,Pc,Esposito F.P.,Inter,22,20,,,41,,,,,,,,,,,,,,,,,,,,,,,,,,6.69,6.59,7.07
2061,A,Pc,Simeone,Torino,22,30,,,99,19.0,5.92,6.11,17.0,5.74,5.82,12.0,6.29,7.33,35.0,6.17,7.54,29.0,5.71,6.34,37.0,6.01,7.01,15.0,18.0,27.0,0.0,0.0,0.0,0.0,6.91,6.83,7.23
4463,A,A,Esposito Se.,Cagliari,21,23,,,70,33.0,6.17,6.79,0.0,0.0,0.0,,,,,,,0.0,0.0,0.0,3.0,5.83,6.67,15.0,,,,,0.0,,6.76,6.75,6.8
6060,A,A,Laurientè,Sassuolo,21,26,,,82,,,,37.0,5.99,6.46,28.0,6.39,7.18,,,,,,,,,,,40.0,72.0,,,,,6.9,6.81,7.22
6669,A,Pc,Bonny,Inter,20,21,,,15,37.0,6.03,6.51,,,,,,,,,,,,,,,,42.0,,,,,,,6.5,6.49,6.53
4510,A,A,Leao,Milan,20,26,,,80,34.0,6.19,7.06,33.0,6.39,7.41,34.0,6.47,7.9,34.0,6.63,7.84,29.0,6.02,6.78,27.0,6.07,6.78,200.0,200.0,268.0,0.0,0.0,0.0,,6.86,6.8,7.07
5734,A,A,Soulè,Roma,20,22,,,85,23.0,6.24,7.04,36.0,6.29,7.07,7.0,6.14,6.57,,,,,,,,,,93.0,85.0,7.0,,,,,6.87,6.83,7.01
7023,A,Pc,Pellegrino M.,Parma,18,23,,,67,11.0,6.14,6.86,,,,,,,,,,,,,,,,,,,,,,,6.83,6.7,7.34
4728,A,A,Nkunku,Milan,18,27,,,43,,,,,,,,,,,,,,,,,,,,,,,,,,6.74,6.61,7.24
6572,A,Pc,Castro S.,Bologna,17,21,,,30,33.0,6.17,6.76,5.0,6.0,6.5,,,,,,,,,,,,,47.0,9.0,,,,,,6.59,6.55,6.78
5995,A,A,De Ketelaere,Atalanta,16,24,,,59,34.0,6.19,6.94,33.0,6.32,7.39,27.0,5.74,5.74,,,,,,,,,,147.0,270.0,12.0,,,,,6.75,6.69,6.95
2097,A,Pc,Kean,Fiorentina,16,25,,,40,32.0,6.42,8.08,14.0,6.0,5.93,23.0,5.89,6.52,25.0,5.96,6.56,,,,0.0,0.0,0.0,100.0,15.0,21.0,0.0,,,0.0,6.89,6.59,8.09
2841,A,Pc,Vlahovic,Juventus,16,25,,,100,25.0,6.12,7.38,33.0,6.18,7.42,25.0,6.06,7.16,36.0,6.4,8.35,37.0,6.27,8.01,27.0,5.91,6.46,383.0,350.0,132.0,0.0,0.0,0.0,0.0,6.95,6.83,7.41
2489,A,A,Pedro,Lazio,16,38,,,20,28.0,6.21,7.27,26.0,5.92,6.0,36.0,6.12,6.53,32.0,6.25,7.14,26.0,5.88,6.44,,,,5.0,21.0,40.0,0.0,0.0,,,6.55,6.49,6.79
5455,A,A,Moreo,Pisa,16,32,,,25,,,,,,,,,,0.0,0.0,0.0,,,,,,,,,,,,,,6.66,6.52,7.21
2038,A,Pc,Pinamonti,Sassuolo,16,26,,,55,36.0,5.96,6.68,37.0,5.92,6.7,32.0,5.67,6.06,36.0,6.15,7.21,4.0,6.25,7.0,30.0,5.7,6.12,97.0,110.0,25.0,0.0,0.0,0.0,0.0,6.66,6.65,6.68
6646,A,A,Adams C.,Torino,16,29,,,23,35.0,6.0,6.76,,,,,,,,,,,,,,,,72.0,,,,,,,6.56,6.51,6.76
2499,A,Pc,Vardy,Cremonese,16,38,,,32,,,,,,,,,,,,,,,,,,,,,,,,,,6.41,6.56,5.84
7129,A,W;A,Rodriguez Je.,Como,15,20,,,27,,,,,,,,,,,,,,,,,,,,,,,,,,6.33,6.37,6.19
6001,A,W;A,Banda,Lecce,15,24,,,22,13.0,5.77,5.81,21.0,6.07,6.33,32.0,6.05,6.17,,,,,,,,,,13.0,20.0,8.0,,,,,6.37,6.33,6.52
4371,A,A,Raspadori,Atalanta,15,25,,,37,18.0,6.19,7.22,33.0,5.98,6.44,23.0,5.89,6.22,36.0,6.07,6.89,20.0,6.28,7.15,7.0,6.21,7.07,22.0,25.0,26.0,0.0,0.0,0.0,,6.7,6.58,7.18
2531,A,Pc,Lukaku,Napoli,15,32,,,10,36.0,6.29,7.57,32.0,6.09,7.2,25.0,6.24,7.66,0.0,0.0,0.0,35.0,6.63,8.89,36.0,6.42,8.33,340.0,260.0,252.0,,0.0,0.0,,6.68,6.47,7.55
4923,A,Pc,Colombo,Genoa,14,23,,,37,36.0,5.9,6.39,23.0,5.89,6.39,26.0,5.94,6.37,,,,2.0,5.75,5.75,0.0,0.0,0.0,55.0,15.0,18.0,,,0.0,,6.54,6.58,6.4
6556,A,A,Noslin,Lazio,14,26,,,24,19.0,6.0,6.37,17.0,6.35,7.41,,,,,,,,,,,,,73.0,55.0,,,,,,6.65,6.51,7.22
6552,A,Pc,Orban G.,Verona,14,23,,,15,,,,,,,,,,,,,,,,,,,,,,,,,,6.66,6.49,7.34
6164,A,Pc,Vitinha O.,Genoa,13,25,,,20,22.0,5.89,6.25,6.0,6.42,7.33,,,,,,,,,,,,,79.0,20.0,,,,,,6.69,6.51,7.41
5544,A,Pc,David,Juventus,13,25,,,28,,,,,,,,,,,,,,,,,,,,,,,,,,6.71,6.54,7.41
309,A,A,Dybala,Roma,13,31,,,50,20.0,6.48,7.48,27.0,6.48,8.2,25.0,6.64,8.24,28.0,6.36,7.45,19.0,6.11,6.89,32.0,6.67,7.84,279.0,330.0,259.0,0.0,0.0,0.0,0.0,6.77,6.65,7.24
7162,A,A,Giovane,Napoli,13,22,,,8,,,,,,,,,,,,,,,,,,,,,,,,,,6.54,6.43,7.01
7199,A,A,Kilicsoy,Cagliari,13,20,,,7,,,,,,,,,,,,,,,,,,,,,,,,,,6.51,6.42,6.84
4436,A,A,Cambiaghi,Bologna,12,24,,,10,17.0,6.15,6.5,37.0,6.14,6.2,25.0,6.24,6.9,,,,,,,0.0,0.0,0.0,20.0,27.0,24.0,,,0.0,,6.58,6.44,7.14
6967,A,W;A,Diao,Como,12,19,,,30,14.0,6.5,7.93,,,,,,,,,,,,,,,,,,,,,,,6.33,6.39,6.07
5506,A,A,Ekuban,Genoa,12,31,,,12,18.0,6.0,6.31,23.0,6.09,6.65,,,,29.0,5.71,5.84,,,,,,,10.0,21.0,,0.0,,,,6.61,6.45,7.24
7008,A,Pc,Gimenez,Milan,12,24,,,12,12.0,5.88,6.75,,,,,,,,,,,,,,,,,,,,,,,6.66,6.47,7.39
6243,A,Pc,Borrelli,Cagliari,11,25,,,15,,,,1.0,6.0,6.0,,,,,,,,,,,,,,,,,,,,6.67,6.49,7.41
5500,A,W;A,Cancellieri,Lazio,11,23,,,12,25.0,5.76,6.04,34.0,6.0,6.31,6.0,5.83,5.83,5.0,6.1,6.6,,,,,,,13.0,25.0,4.0,0.0,,,,6.22,6.27,6.06
6439,A,Pc,Cheddira,Lecce,11,27,,,23,0.0,0.0,0.0,31.0,6.05,6.76,,,,,,,,,,,,,,42.0,,,,,,6.7,6.52,7.41
2832,A,W;A,Boga,Juventus,11,28,,,37,,,,,,,18.0,6.25,6.86,26.0,5.92,6.0,27.0,5.98,6.46,33.0,6.15,7.21,,,13.0,0.0,0.0,0.0,0.0,6.49,6.44,6.68
5515,A,A,Okereke,Cremonese,10,28,,,5,,,,5.0,5.8,5.8,33.0,5.94,6.52,30.0,5.92,6.5,,,,,,,,24.0,16.0,0.0,,,,6.58,6.41,7.26
6822,A,A,Ekhator,Genoa,10,19,,,8,15.0,5.87,6.1,,,,,,,,,,,,,,,,1.0,,,,,,,6.49,6.43,6.73
6675,A,Pc,Dovbyk,Roma,10,28,,,8,32.0,6.0,7.19,,,,,,,,,,,,,,,,238.0,,,,,,,6.6,6.46,7.18
6365,A,Pc,Ferguson E.,Roma,10,20,,,12,,,,,,,,,,,,,,,,,,,,,,,,,,6.59,6.47,7.07
5336,A,Pc,Nzola,Sassuolo,10,29,,,15,0.0,0.0,0.0,29.0,5.74,6.09,31.0,6.19,7.39,16.0,5.88,6.28,25.0,6.22,7.56,,,,,15.0,146.0,0.0,0.0,,,6.65,6.49,7.31
2678,A,Pc,Fullkrug,Milan,10,32,,,12,,,,,,,,,,,,,,,,,,,,,,,,,,6.58,6.47,7.01
7316,A,Pc,Durosinmi,Pisa,10,23,,,9,,,,,,,,,,,,,,,,,,,,,,,,,,6.64,6.46,7.34
7347,A,A,Bowie,Verona,10,23,,,33,,,,,,,,,,,,,,,,,,,,,,,,,,6.66,6.56,7.08
5918,A,A,Sulemana K.,Atalanta,9,23,,,7,,,,,,,,,,,,,,,,,,,,,,,,,,6.55,6.42,7.08
4359,A,Pc,Piccoli,Fiorentina,9,24,,,15,37.0,6.0,6.76,32.0,6.02,6.41,16.0,5.84,6.22,8.0,5.69,6.06,14.0,6.07,7.14,1.0,5.5,5.5,55.0,22.0,7.0,0.0,0.0,0.0,0.0,6.54,6.49,6.77
7313,A,Pc,Ratkov,Lazio,9,22,,,9,,,,,,,,,,,,,,,,,,,,,,,,,,6.62,6.46,7.27
608,A,Pc,Zapata D.,Torino,8,34,,,15,7.0,6.57,7.79,37.0,6.26,7.36,24.0,5.96,6.27,24.0,6.38,7.73,37.0,6.42,7.88,28.0,6.54,8.66,172.0,210.0,62.0,0.0,0.0,0.0,0.0,6.53,6.49,6.7
7252,A,Pc,Stulic,Lecce,8,23,,,12,,,,,,,,,,,,,,,,,,,,,,,,,,6.65,6.47,7.34
6380,A,W;A,Solomon,Fiorentina,8,26,,,18,,,,,,,,,,,,,,,,,,,,,,,,,,6.37,6.31,6.62
6981,A,Pc,Vaz,Roma,8,22,,,11,,,,,,,,,,,,,,,,,,,,,,,,,,6.63,6.47,7.27
7001,A,W;A,N'Dri,Lecce,7,25,,,10,7.0,5.86,5.86,,,,,,,,,,,,,,,,,,,,,,,6.32,6.25,6.58
7249,A,Pc,Buksa,Udinese,7,29,,,8,,,,,,,,,,,,,,,,,,,,,,,,,,6.63,6.46,7.31
6643,A,Pc,Dallinga,Bologna,6,25,,,9,23.0,5.96,6.41,,,,,,,,,,,,,,,,94.0,,,,,,,6.65,6.46,7.41
7127,A,W;A,Addai,Como,6,20,,,9,,,,,,,,,,,,,,,,,,,,,,,,,,6.23,6.24,6.19
5672,A,Pc,Dia,Lazio,6,28,,,9,35.0,6.01,6.87,17.0,5.85,6.53,33.0,6.27,7.82,,,,,,,,,,66.0,10.0,181.0,,,,,6.54,6.46,6.86
6827,A,A,Njie,Torino,6,20,,,4,9.0,6.0,5.94,,,,,,,,,,,,,,,,,,,,,,,6.49,6.41,6.84
7342,A,Pc,Elphege,Parma,6,25,,,18,,,,,,,,,,,,,,,,,,,,,,,,,,6.68,6.5,7.41
7128,A,W;A,Kuhn,Como,5,25,,,9,,,,,,,,,,,,,,,,,,,,,,,,,,6.31,6.24,6.58
5471,A,Pc,Djuric,Cremonese,5,35,,,8,23.0,6.0,6.61,36.0,6.08,6.67,24.0,5.98,6.06,32.0,6.05,6.55,,,,,,,31.0,55.0,10.0,0.0,,,,6.47,6.46,6.52
6836,A,Pc,Meister,Pisa,5,22,,,9,,,,,,,,,,,,,,,,,,,,,,,,,,6.62,6.46,7.27
441,A,Pc,Belotti,Cagliari,5,31,,,10,12.0,5.96,6.42,24.0,6.21,7.1,22.0,5.8,5.75,22.0,6.2,7.32,34.0,6.43,7.6,35.0,6.16,7.41,75.0,60.0,14.0,0.0,0.0,0.0,0.0,6.6,6.47,7.13
7272,A,Pc,Gueye,Udinese,5,22,,,1,,,,,,,,,,,,,,,,,,,,,,,,,,6.6,6.43,7.27
7374,A,Pc,Mendy P.,Cagliari,5,19,,,15,,,,,,,,,,,,,,,,,,,,,,,,,,6.58,6.49,6.93
479,A,Pc,Sanabria,Cremonese,4,29,,,10,22.0,5.7,5.84,35.0,5.84,6.24,31.0,6.27,7.52,25.0,6.18,6.88,14.0,5.93,7.0,23.0,6.0,6.8,18.0,50.0,133.0,0.0,0.0,0.0,0.0,6.63,6.47,7.31
6159,A,A,Sarr A.,Verona,4,21,,,8,29.0,5.86,6.26,,,,,,,,,,,,,,,,7.0,,,,,,,6.4,6.43,6.28
6630,A,Pc,Mosquera,Verona,4,26,,,8,33.0,5.88,6.3,,,,,,,,,,,,,,,,25.0,,,,,,,6.43,6.46,6.3
6314,A,Pc,Openda,Juventus,4,25,,,8,,,,,,,,,,,,,,,,,,,,,,,,,,6.65,6.46,7.41
7344,A,Pc,Stojilkovic,Pisa,4,27,,,7,,,,,,,,,,,,,,,,,,,,,,,,,,6.64,6.45,7.41
7349,A,Pc,Kulenovic,Torino,4,25,,,9,,,,,,,,,,,,,,,,,,,,,,,,,,6.65,6.46,7.41
6895,A,W;A,Dominguez B.,Bologna,3,23,,,8,20.0,6.28,6.82,,,,,,,,,,,,,,,,11.0,,,,,,,6.28,6.24,6.46
247,A,Pc,Pavoletti,Cagliari,3,36,,,7,11.0,5.95,6.36,14.0,6.25,7.04,,,,28.0,5.89,6.32,22.0,5.98,6.5,1.0,5.5,5.5,5.0,23.0,,0.0,0.0,0.0,0.0,6.43,6.45,6.31
6207,A,W;A,Almqvist,Parma,3,25,,,7,26.0,5.79,5.85,30.0,5.98,6.13,,,,,,,,,,,,,18.0,20.0,,,,,,6.16,6.23,5.86
6519,A,Pc,Camarda,Lecce,2,17,,,8,6.0,5.92,5.92,0.0,0.0,0.0,,,,,,,,,,,,,1.0,1.0,,,,,,6.49,6.46,6.6
7161,A,Pc,Bayo V.,Udinese,2,28,,,8,,,,,,,,,,,,,,,,,,,,,,,,,,6.64,6.46,7.37
313,A,Pc,Morata,Como,2,32,,,10,16.0,6.09,6.88,,,,,,,35.0,6.1,6.91,30.0,6.15,7.4,,,,181.0,,,0.0,0.0,,,6.57,6.47,7.01
7239,A,Pc,Braschi,Fiorentina,2,19,,,1,,,,,,,,,,,,,,,,,,,,,,,,,,6.53,6.43,6.93
6555,A,Pc,Moumbagna,Cremonese,2,25,,,5,,,,,,,,,,,,,,,,,,,,,,,,,,6.64,6.45,7.41
7338,A,A,Albarracin,Cagliari,2,19,,,1,,,,,,,,,,,,,,,,,,,,,,,,,,6.46,6.39,6.73
7381,A,Pc,Mikolajewski,Parma,2,20,,,1,,,,,,,,,,,,,,,,,,,,,,,,,,6.56,6.43,7.07
2012,A,Pc,Milik,Juventus,1,31,,,5,0.0,0.0,0.0,24.0,6.0,6.46,27.0,6.09,6.74,,,,0.0,0.0,0.0,26.0,6.1,7.27,22.0,30.0,51.0,,,0.0,0.0,6.58,6.45,7.13
7158,A,Pc,Moro L.,Sassuolo,1,26,,,1,,,,,,,,,,,,,,,,,,,,,,,,,,6.63,6.43,7.42
7183,A,A,Aboukhlal,Torino,1,25,,,8,,,,,,,,,,,,,,,,,,,,,,,,,,6.58,6.43,7.18
7213,A,Pc,Frigan,Parma,1,22,,,5,,,,,,,,,,,,,,,,,,,,,,,,,,6.61,6.45,7.27
7262,A,A,Balentien,Milan,1,20,,,1,,,,,,,,,,,,,,,,,,,,,,,,,,6.48,6.39,6.84
7277,A,Pc,Arena A.,Roma,1,25,,,1,,,,,,,,,,,,,,,,,,,,,,,,,,6.63,6.43,7.41
7309,A,Pc,Isaac,Verona,1,23,,,1,,,,,,,,,,,,,,,,,,,,,,,,,,6.61,6.43,7.34
7317,A,Pc,Trepy,Cagliari,1,19,,,1,,,,,,,,,,,,,,,,,,,,,,,,,,6.53,6.43,6.93
7368,A,Pc,Vermesan,Verona,1,18,,,1,,,,,,,,,,,,,,,,,,,,,,,,,,6.5,6.43,6.78
7388,A,A,Mosconi,Inter,1,18,,,1,,,,,,,,,,,,,,,,,,,,,,,,,,6.44,6.39,6.62
