Id,Role,Role_M,Name,Squad,Price,Age,MyRating,Mate,Regularness,FVM,Pg22_23,Mv22_23,Mf22_23,Pg21_22,Mv21_22,Mf21_22,Pg23_24,Mv23_24,Mf23_24,Pg19_20,Mv19_20,Mf19_20,Pg20_21,Mv20_21,Mf20_21,ExpectedMf
2428,P,Por,Sommer,Inter,19,35.0,4.6,,,111,,,,,,,34.0,6.12,5.63,,,,,,,5.58
5876,P,Por,Di Gregorio,Juventus,18,27.0,4.5,,,100,37.0,6.28,4.99,,,,33.0,6.35,5.47,,,,,,,5.43
572,P,Por,Meret,Napoli,15,27.0,4.1,,,72,34.0,6.18,5.56,7.0,5.86,5.0,31.0,6.06,4.97,22.0,6.16,4.8,22.0,6.2,4.89,5.1
4312,P,Por,Maignan,Milan,14,29.0,4.1,,,78,22.0,6.16,5.34,32.0,6.27,5.62,29.0,6.05,4.86,,,,,,,5.07
4431,P,Por,Carnesecchi,Atalanta,13,24.0,4.1,,,55,27.0,6.35,4.63,,,,27.0,6.19,5.3,,,,0.0,0.0,0.0,5.19
5841,P,Por,Svilar,Roma,13,25.0,4.0,,,69,3.0,6.0,4.83,,,,15.0,6.47,5.37,,,,,,,5.04
2170,P,Por,Milinkovic-Savic V.,Torino,12,27.0,4.1,,,47,38.0,6.03,4.89,27.0,6.02,4.85,36.0,6.12,5.24,,,,5.0,5.8,4.6,5.16
2814,P,Por,Provedel,Lazio,12,30.0,4.1,,,60,38.0,6.26,5.46,31.0,6.26,4.48,30.0,6.23,5.13,,,,29.0,6.05,4.24,5.16
2815,P,Por,Terracciano,Fiorentina,12,34.0,3.9,,,20,29.0,6.0,4.78,32.0,5.97,4.72,33.0,6.27,5.26,7.0,6.36,5.64,4.0,6.25,6.0,5.13
133,P,Por,Skorupski,Bologna,11,33.0,4.2,,,53,37.0,6.19,4.97,36.0,6.24,4.79,32.0,6.17,5.33,37.0,5.99,4.31,28.0,6.09,4.64,5.25
610,P,Por,Gollini,Genoa,10,29.0,3.9,,,38,7.0,6.07,5.21,,,,7.0,6.0,4.86,33.0,6.15,4.83,25.0,6.1,5.26,4.98
2521,P,Por,De Gea,Fiorentina,10,,,,,39,,,,,,,,,,,,,,,,
574,P,Por,Scuffet,Cagliari,8,28.0,3.5,,,29,,,,0.0,0.0,0.0,31.0,6.13,4.31,0.0,0.0,0.0,1.0,5.0,3.0,4.65
761,P,Por,Audero,Como,8,27.0,3.8,,,27,25.0,6.3,4.88,29.0,6.12,4.53,4.0,6.0,5.25,36.0,6.03,4.29,37.0,6.38,5.11,4.92
2134,P,Por,Falcone,Lecce,8,29.0,3.8,,,29,38.0,6.25,5.09,10.0,6.45,4.95,38.0,6.25,4.91,2.0,6.0,3.25,,,,4.95
4867,P,Por,Turati,Monza,8,23.0,3.5,,,23,,,,0.0,0.0,0.0,31.0,6.19,4.42,2.0,6.25,4.25,0.0,0.0,0.0,4.66
6462,P,Por,Okoye,Udinese,8,25.0,3.8,,,31,,,,,,,21.0,6.17,4.93,,,,,,,4.95
4425,P,Por,Joronen,Venezia,7,,,,,21,,,,,,,,,,29.0,6.29,4.34,,,,
4957,P,Por,Montipo',Verona,7,28.0,3.9,,,30,37.0,6.19,4.66,34.0,6.09,4.69,37.0,6.31,4.99,,,,37.0,5.99,3.97,4.99
6641,P,Por,Suzuki,Parma,7,,,,,22,,,,,,,,,,,,,,,,
6125,P,Por,Vasquez D.,Empoli,6,,,,,14,0.0,0.0,0.0,,,,,,,,,,,,,
6682,P,Por,Pizzignacco,Monza,3,,,,,15,,,,,,,,,,,,,,,,
218,P,Por,Perin,Juventus,2,32.0,3.4,,,3,11.0,6.41,6.05,5.0,6.1,4.7,3.0,6.0,5.67,21.0,6.12,4.29,32.0,6.25,4.83,4.96
387,P,Por,Reina,Como,2,,,,,12,,,,15.0,5.97,4.0,,,,1.0,6.5,8.5,29.0,6.12,4.69,
4360,P,Por,Caprile,Napoli,2,23.0,3.5,,,4,,,,,,,23.0,6.26,5.22,,,,,,,5.0
5116,P,Por,Martinez Jo.,Inter,2,26.0,3.4,,,4,,,,,,,36.0,6.14,4.97,,,,,,,4.89
4,P,Por,Sportiello,Milan,1,32.0,3.2,,,1,15.0,6.13,4.73,5.0,6.3,5.3,7.0,6.14,4.57,6.0,6.17,5.33,15.0,6.23,5.03,4.95
188,P,Por,Leali,Genoa,1,31.0,3.2,,,1,,,,,,,2.0,6.5,5.25,,,,,,,4.92
216,P,Por,Donnarumma An.,Torino,1,,,,,1,,,,,,,,,,0.0,0.0,0.0,0.0,0.0,0.0,
219,P,Por,Sommariva,Genoa,1,27.0,3.1,,,1,,,,,,,0.0,0.0,0.0,,,,,,,4.85
511,P,Por,Perilli,Verona,1,29.0,3.2,,,1,1.0,6.5,6.5,,,,1.0,7.5,5.5,,,,,,,4.87
543,P,Por,Padelli,Udinese,1,39.0,3.6,,,1,0.0,0.0,0.0,3.0,6.17,3.5,0.0,0.0,0.0,3.0,5.33,4.0,1.0,6.0,5.0,5.34
673,P,Por,Perisan,Empoli,1,27.0,3.1,,,1,7.0,6.21,4.93,,,,1.0,5.0,3.0,0.0,0.0,0.0,0.0,0.0,0.0,4.85
1926,P,Por,Di Gennaro,Inter,1,31.0,3.2,,,1,,,,,,,1.0,6.5,6.5,,,,,,,4.92
1930,P,Por,Pinsoglio,Juventus,1,34.0,3.3,,,1,0.0,0.0,0.0,1.0,6.5,5.5,1.0,6.5,6.5,1.0,6.0,6.0,1.0,6.0,5.0,5.03
2178,P,Por,Cragno,Monza,1,30.0,3.2,,,1,1.0,5.0,2.0,35.0,6.24,4.57,3.0,6.0,3.67,16.0,6.47,5.31,34.0,6.37,4.79,4.89
2297,P,Por,Rossi F.,Atalanta,1,29.0,3.2,,,1,0.0,0.0,0.0,1.0,6.0,5.0,1.0,6.5,6.5,1.0,6.0,5.0,0.0,0.0,0.0,4.87
2401,P,Por,Fruchtl,Lecce,1,,,,,1,,,,,,,,,,,,,,,,
2722,P,Por,Ravaglia F.,Bologna,1,27.0,3.1,,,1,0.0,0.0,0.0,,,,6.0,6.33,6.33,,,,4.0,5.88,3.38,4.85
2809,P,Por,Vigorito,Como,1,,,,,1,,,,,,,,,,5.0,5.9,4.0,,,,
2845,P,Por,Contini,Napoli,1,28.0,3.2,,,1,0.0,0.0,0.0,0.0,0.0,0.0,1.0,6.0,6.0,,,,0.0,0.0,0.0,4.86
4270,P,Por,Rui Patricio,Atalanta,1,36.0,3.1,,,1,35.0,6.0,5.07,38.0,6.17,5.09,23.0,5.98,4.78,,,,,,,4.85
4351,P,Por,Brancolini,Empoli,1,23.0,3.2,,,1,0.0,0.0,0.0,,,,0.0,0.0,0.0,0.0,0.0,0.0,0.0,0.0,0.0,4.86
4491,P,Por,Berardi A.,Verona,1,33.0,3.3,,,1,0.0,0.0,0.0,1.0,6.5,3.5,0.0,0.0,0.0,0.0,0.0,0.0,1.0,6.0,6.0,4.99
4929,P,Por,Ciocci,Cagliari,1,,,,,1,,,,,,,,,,0.0,0.0,0.0,0.0,0.0,0.0,
5320,P,Por,Paleari,Torino,1,,,,,1,,,,,,,,,,,,,3.0,6.17,5.17,
5384,P,Por,Ryan,Roma,1,,,,,1,,,,,,,,,,,,,,,,
5521,P,Por,Bertinato,Venezia,1,,,,,1,,,,0.0,0.0,0.0,,,,,,,,,,
5822,P,Por,Bagnolini,Bologna,1,20.0,3.2,,,1,0.0,0.0,0.0,,,,0.0,0.0,0.0,,,,,,,4.93
6184,P,Por,Martinelli T.,Fiorentina,1,18.0,3.3,,,1,0.0,0.0,0.0,,,,1.0,6.5,4.5,,,,,,,5.01
6248,P,Por,Stankovic F.,Venezia,1,,,,,1,,,,,,,0.0,0.0,0.0,,,,,,,
6403,P,Por,Christensen O.,Fiorentina,1,25.0,3.1,,,1,,,,,,,4.0,5.5,3.25,,,,,,,4.84
6417,P,Por,Furlanetto,Lazio,1,,,,,1,,,,,,,,,,,,,,,,
6482,P,Por,Mandas,Lazio,1,23.0,3.2,,,1,,,,,,,8.0,6.25,5.5,,,,,,,4.86
6505,P,Por,Nava,Milan,1,,,,,1,,,,,,,1.0,5.5,4.5,,,,,,,
6523,P,Por,Samooja,Lecce,1,,,,,1,,,,,,,0.0,0.0,0.0,,,,,,,
6650,P,Por,Sherri,Cagliari,1,,,,,1,,,,,,,,,,,,,,,,
6661,P,Por,Chichizola,Parma,1,,,,,1,,,,,,,,,,,,,,,,
6662,P,Por,Corvi,Parma,1,,,,,1,,,,,,,,,,,,,,,,
6671,P,Por,Grandi,Venezia,1,,,,,1,,,,,,,,,,,,,,,,
6813,P,Por,Torriani,Milan,1,,,,,1,,,,,,,,,,,,,,,,
6824,P,Por,Marin Re.,Roma,1,,,,,1,,,,,,,,,,,,,,,,
6842,P,Por,Sava,Udinese,1,,,,,1,,,,,,,,,,,,,,,,
254,D,E,Dimarco,Inter,24,27.0,5.0,,,101,33.0,6.21,6.7,25.0,6.12,6.34,30.0,6.48,7.18,8.0,6.0,5.94,35.0,6.14,6.57,7.16
4292,D,Ds;E,Hernandez T.,Milan,20,27.0,4.5,,,80,32.0,6.11,6.41,32.0,6.3,6.69,32.0,6.17,6.45,33.0,6.33,6.73,33.0,6.21,6.86,6.46
2816,D,B;Dd;E,Di Lorenzo,Napoli,18,31.0,4.3,,,72,37.0,6.26,6.58,33.0,6.2,6.36,36.0,6.07,6.21,33.0,5.88,6.17,36.0,5.97,6.15,6.26
2120,D,Dc,Bastoni,Inter,16,25.0,4.4,,,50,29.0,6.12,6.14,31.0,6.21,6.31,28.0,6.32,6.45,25.0,5.98,6.04,33.0,6.11,6.08,6.47
2724,D,Dc,Buongiorno,Napoli,16,25.0,4.5,,,57,34.0,6.12,6.15,18.0,5.86,5.81,29.0,6.31,6.5,0.0,0.0,0.0,12.0,5.67,5.5,6.55
2788,D,Dc,Bremer,Juventus,16,27.0,4.4,,,57,30.0,6.05,6.35,33.0,6.39,6.59,36.0,6.24,6.36,27.0,5.78,6.0,33.0,6.08,6.5,6.48
5513,D,E,Dumfries,Inter,16,28.0,4.3,,,45,34.0,5.91,6.0,32.0,6.22,6.77,30.0,6.1,6.53,,,,,,,6.46
4177,D,Dd;Dc,Pavard,Inter,14,28.0,4.0,,,40,,,,,,,21.0,6.29,6.24,,,,,,,6.19
1852,D,E,Spinazzola,Napoli,13,31.0,4.1,,,41,26.0,6.04,6.25,2.0,6.25,6.0,23.0,6.09,6.3,22.0,6.25,6.43,25.0,6.2,6.52,6.3
2160,D,E,Gosens,Fiorentina,13,,,,,41,25.0,5.96,6.3,11.0,6.14,6.36,0.0,0.0,0.0,33.0,6.39,7.38,32.0,6.27,7.28,
4237,D,B;Dd;Ds,Danilo,Juventus,13,33.0,3.8,,,29,37.0,6.2,6.46,21.0,6.14,6.24,28.0,6.09,6.11,22.0,5.77,5.95,34.0,6.29,6.41,6.08
4751,D,Dc,Tomori,Milan,13,27.0,4.2,,,41,33.0,6.08,6.09,31.0,6.29,6.23,25.0,6.0,6.32,,,,17.0,6.26,6.44,6.33
4887,D,E,Bellanova,Atalanta,13,24.0,4.3,,,45,11.0,6.0,6.0,31.0,5.82,5.9,36.0,6.14,6.35,1.0,6.0,6.0,0.0,0.0,0.0,6.39
5354,D,E,Ruggeri,Atalanta,12,22.0,4.1,,,42,10.0,5.85,5.8,13.0,5.85,5.81,33.0,5.97,6.08,,,,3.0,5.5,5.5,6.25
2296,D,Dc,Mancini,Roma,11,28.0,3.9,,,26,35.0,6.11,6.16,33.0,5.88,5.64,35.0,5.99,6.2,32.0,6.03,5.88,33.0,6.14,6.41,6.16
4409,D,Dc,Rrahmani,Napoli,11,30.0,3.8,,,26,28.0,6.14,6.36,33.0,6.27,6.56,30.0,5.93,6.15,36.0,5.94,5.9,14.0,6.14,6.29,6.14
4816,D,B;Dd;Ds,Emerson Royal,Milan,11,,,,,39,,,,,,,,,,,,,,,,
460,D,Dc,Romagnoli,Lazio,10,29.0,3.6,,,26,34.0,6.21,6.29,17.0,6.0,6.0,28.0,5.96,5.8,35.0,6.11,6.14,22.0,5.98,6.0,5.96
513,D,Dc,Acerbi,Inter,10,36.0,4.1,,,28,31.0,6.0,5.97,29.0,5.95,6.31,29.0,6.17,6.5,36.0,6.26,6.43,32.0,6.05,5.94,6.33
554,D,E,Zappacosta,Atalanta,10,32.0,3.8,,,30,21.0,6.12,6.64,31.0,6.08,6.24,31.0,5.92,6.06,9.0,5.72,5.83,25.0,6.22,6.72,6.1
5022,D,Dc,Pavlovic,Milan,10,,,,,29,,,,,,,,,,,,,,,,
5323,D,Dc,Martinez Quarta,Fiorentina,10,28.0,4.1,,,32,27.0,5.94,5.98,18.0,5.81,5.75,28.0,6.04,6.41,,,,19.0,5.87,5.87,6.31
5520,D,Dd;Ds;E,Cambiaso,Juventus,10,24.0,3.9,,,35,31.0,5.97,6.03,25.0,5.94,6.12,34.0,6.0,6.12,,,,,,,6.14
5578,D,Dd;Dc,Kossounou,Atalanta,10,,,,,26,,,,,,,,,,,,,,,,
393,D,Dc,Luperto,Cagliari,9,28.0,3.5,,,14,36.0,5.93,6.01,22.0,5.75,5.61,38.0,6.0,6.05,7.0,5.64,5.5,22.0,5.41,5.3,5.99
2525,D,B;Dd;E,Darmian,Inter,9,35.0,3.8,,,21,27.0,6.06,6.19,23.0,6.13,6.35,32.0,6.14,6.33,32.0,5.92,5.95,23.0,6.2,6.63,6.16
4284,D,E;M,Sergi Roberto,Como,9,,,,,18,,,,,,,,,,,,,,,,
4772,D,Ds;E,Angelino,Roma,9,,,,,27,,,,,,,16.0,5.94,5.88,,,,,,,
5514,D,Ds;Dc,Vasquez,Genoa,9,26.0,3.6,,,16,23.0,5.78,5.76,28.0,5.89,5.88,35.0,6.16,6.19,,,,,,,6.05
5847,D,Dc,Bijol,Udinese,9,25.0,3.6,,,20,32.0,5.88,6.03,,,,24.0,6.08,6.0,,,,,,,6.01
5877,D,E,Carlos Augusto,Inter,9,25.0,3.8,,,20,35.0,6.16,6.76,,,,35.0,6.14,6.21,,,,,,,6.15
5885,D,Dd;E,Dodo',Fiorentina,9,26.0,3.7,,,25,33.0,5.88,5.98,,,,6.0,5.75,5.75,,,,,,,6.07
252,D,B;Ds;E,Biraghi,Fiorentina,8,32.0,3.8,,,30,32.0,6.05,6.19,37.0,5.96,6.11,28.0,5.96,6.11,23.0,5.98,6.43,35.0,5.91,6.03,6.08
787,D,Dc,Djimsiti,Atalanta,8,31.0,3.5,,,18,22.0,5.91,5.89,29.0,5.86,5.84,36.0,5.94,5.92,34.0,6.07,6.21,33.0,6.09,6.03,5.96
2602,D,Dc,Varane,Como,8,,,,,15,,,,,,,,,,,,,,,,
2640,D,B;Ds;E,Kolasinac,Atalanta,8,31.0,3.7,,,21,,,,,,,29.0,6.03,6.07,,,,,,,6.04
4210,D,Dc,Mina,Cagliari,8,30.0,3.5,,,13,,,,,,,15.0,6.03,6.27,,,,,,,6.01
4317,D,Dc,N'Dicka,Roma,8,25.0,3.5,,,20,,,,,,,25.0,5.86,5.86,,,,,,,5.94
4734,D,Ds;E,Miranda J.,Bologna,8,,,,,16,,,,,,,,,,,,,,,,
5449,D,Ds;E,Parisi,Fiorentina,8,24.0,3.4,,,20,33.0,6.14,6.14,23.0,5.91,5.85,21.0,5.69,5.64,,,,,,,5.81
5498,D,Dc,Casale,Bologna,8,26.0,3.2,,,15,29.0,6.0,6.03,34.0,5.85,5.75,19.0,5.68,5.55,,,,,,,5.75
5603,D,Dc,Pongracic,Fiorentina,8,27.0,3.5,,,20,9.0,6.0,5.89,,,,36.0,5.94,5.81,,,,,,,5.92
5678,D,Dd;E,Holm,Bologna,8,27.0,3.7,,,24,18.0,6.06,6.17,0.0,0.0,0.0,18.0,5.94,6.08,,,,,,,6.04
5831,D,Dc,Gatti,Juventus,8,26.0,3.6,,,16,16.0,5.94,5.81,,,,32.0,5.97,6.11,,,,,,,6.03
5835,D,Dd;Dc,Baschirotto,Lecce,8,28.0,3.4,,,20,37.0,6.07,6.23,,,,37.0,5.76,5.72,,,,,,,5.84
5899,D,Dc,Gigot,Lazio,8,,,,,19,,,,,,,,,,,,,,,,
6046,D,Dc,Hien,Atalanta,8,25.0,3.5,,,21,32.0,5.94,5.8,,,,22.0,5.95,5.82,,,,,,,5.93
6066,D,Dd;Dc,Posch,Bologna,8,27.0,3.6,,,18,30.0,6.12,6.68,,,,30.0,6.1,6.15,,,,,,,6.05
6230,D,Dc,Dossena,Como,8,26.0,3.4,,,14,,,,,,,35.0,5.84,5.94,,,,,,,5.93
6257,D,Ds;E,Dorgu,Lecce,8,20.0,3.6,,,20,,,,,,,29.0,5.9,6.0,,,,,,,6.01
6642,D,Dc,Coco,Torino,8,,,,,22,,,,,,,,,,,,,,,,
322,D,Dc,De Vrij,Inter,7,32.0,3.8,,,18,25.0,5.94,5.98,28.0,5.8,5.68,22.0,6.27,6.41,34.0,6.29,6.6,32.0,6.22,6.28,6.2
791,D,Dd;Ds;E,Sabelli,Genoa,7,31.0,3.1,,,8,,,,7.0,5.71,5.5,31.0,5.92,5.87,36.0,5.89,5.85,,,,5.83
2285,D,Dc,Bani,Genoa,7,31.0,3.5,,,14,,,,17.0,6.0,5.97,27.0,6.02,6.07,27.0,5.96,6.19,25.0,5.68,5.48,6.0
4245,D,Dc,Smalling,Roma,7,35.0,3.5,,,12,32.0,6.31,6.52,25.0,6.18,6.46,6.0,5.83,5.83,30.0,6.05,6.35,14.0,5.93,5.89,6.05
4378,D,Ds;Dc,Ranieri L.,Fiorentina,7,25.0,3.4,,,15,8.0,6.25,6.19,27.0,5.7,5.65,25.0,5.86,5.88,3.0,5.5,5.17,,,,5.9
4530,D,Ds;E,Kyriakopoulos,Monza,7,28.0,3.4,,,13,21.0,6.05,6.21,25.0,5.88,5.92,27.0,5.87,5.93,23.0,6.0,6.0,21.0,5.79,5.86,5.9
4665,D,Dc,Maripan,Torino,7,,,,,15,,,,,,,,,,,,,,,,
4904,D,Dc,Mari',Monza,7,31.0,3.4,,,15,29.0,5.93,5.97,15.0,6.27,6.57,33.0,5.98,5.88,,,,,,,5.92
4982,D,Dc,Erlic,Bologna,7,26.0,3.4,,,17,27.0,5.7,5.59,30.0,5.95,6.07,32.0,5.77,5.78,,,,22.0,5.82,6.14,5.88
4994,D,B;Dd;E,Vojvoda,Torino,7,29.0,3.4,,,12,27.0,5.85,5.98,29.0,6.02,6.07,21.0,5.88,5.95,,,,19.0,5.71,6.03,5.95
5010,D,Dc,Ismajli,Empoli,7,28.0,3.1,,,9,25.0,6.0,5.86,17.0,5.5,5.06,25.0,5.72,5.68,,,,16.0,5.78,5.94,5.77
5324,D,B;Dd;Ds,Godfrey,Atalanta,7,,,,,15,,,,,,,,,,,,,,,,
5526,D,Dc,Scalvini,Atalanta,7,21.0,3.5,,,12,32.0,5.95,6.03,14.0,5.96,6.14,33.0,6.06,6.2,,,,,,,6.04
5527,D,Dd;E,Zanoli,Genoa,7,24.0,3.2,,,9,20.0,6.0,6.32,6.0,5.92,5.75,18.0,5.83,5.75,,,,,,,5.83
5840,D,B;Ds;E,Olivera,Napoli,7,27.0,3.5,,,18,24.0,6.02,6.27,,,,22.0,5.82,5.89,,,,,,,5.94
5862,D,Ds;E,Valeri,Parma,7,,,,,11,37.0,6.08,6.31,,,,15.0,5.6,5.57,,,,,,,
6202,D,Dc,Beukema,Bologna,7,26.0,3.5,,,16,,,,,,,30.0,6.02,6.02,,,,,,,5.99
6638,D,Dc,Marin R.,Napoli,7,,,,,18,,,,,,,,,,,,,,,,
6820,D,E,Sosa B.,Torino,7,,,,,17,,,,,,,,,,,,,,,,
49,D,B;Ds;E,Masina,Torino,6,30.0,3.5,,,12,11.0,5.91,6.36,,,,15.0,5.87,5.8,,,,,,,6.08
226,D,Dc,Izzo,Monza,6,32.0,3.2,,,11,29.0,6.03,5.97,9.0,5.83,5.61,20.0,5.82,5.62,31.0,5.79,5.74,25.0,5.96,6.14,5.76
357,D,Dd;E,Calabria,Milan,6,28.0,3.4,,,13,23.0,5.96,6.09,26.0,6.15,6.42,29.0,5.95,6.03,23.0,5.76,5.8,32.0,6.23,6.28,5.96
770,D,Ds;E,Pezzella Giu.,Empoli,6,27.0,3.3,,,7,14.0,5.71,5.71,16.0,5.97,6.0,15.0,5.63,5.5,19.0,5.71,5.66,24.0,6.04,6.19,6.0
2188,D,Dd;Ds;E,Marusic,Lazio,6,32.0,3.1,,,10,33.0,6.02,5.92,33.0,5.65,5.65,37.0,5.72,5.73,14.0,6.14,6.54,36.0,5.79,5.94,5.76
2263,D,Dd;E,Lazzari,Lazio,6,31.0,3.3,,,12,26.0,6.0,5.77,27.0,5.91,6.3,24.0,5.94,5.9,32.0,6.19,6.16,32.0,6.12,6.34,5.86
4433,D,Dd;Ds;E,Zortea,Cagliari,6,25.0,3.8,,,16,15.0,6.0,6.1,23.0,5.78,5.96,19.0,6.16,6.63,,,,,,,6.29
4461,D,B;Dd;E,Zappa,Cagliari,6,24.0,3.3,,,10,,,,21.0,5.74,5.64,37.0,5.8,5.91,,,,31.0,5.85,5.94,5.93
5435,D,Ds;E,Moreno Alb.,Como,6,,,,,17,,,,,,,,,,,,,,,,
5620,D,Ds;E,Tavares N.,Lazio,6,,,,,10,,,,,,,,,,,,,,,,
5718,D,Dc,Viti,Empoli,6,22.0,3.1,,,6,0.0,0.0,0.0,19.0,5.82,5.63,14.0,5.89,5.96,,,,,,,5.92
5739,D,Dd;Dc,De Winter,Genoa,6,22.0,3.2,,,8,13.0,5.73,5.62,0.0,0.0,0.0,29.0,5.84,5.74,,,,,,,5.84
6039,D,B;Ds;E,Cabal,Juventus,6,23.0,3.3,,,15,9.0,5.89,5.72,,,,19.0,5.82,5.66,,,,,,,5.82
6041,D,Dc,Schuurs,Torino,6,25.0,3.3,,,10,29.0,6.21,6.19,,,,9.0,6.11,6.33,,,,,,,5.95
6042,D,Dc,Lucumi',Bologna,6,26.0,3.5,,,14,33.0,5.83,5.68,,,,29.0,6.1,6.07,,,,,,,6.0
6047,D,Dd;E,Ehizibue,Udinese,6,29.0,3.1,,,8,21.0,5.79,5.93,,,,20.0,5.88,5.82,,,,,,,5.82
6426,D,E,Pedersen,Torino,6,24.0,3.3,,,12,,,,,,,23.0,5.72,5.72,,,,,,,5.86
6480,D,Dd;E,Tchatchoua,Verona,6,23.0,3.4,,,14,,,,,,,25.0,5.76,5.76,,,,,,,5.87
6533,D,Dc,Giannetti L.,Udinese,6,,,,,6,,,,,,,7.0,5.79,5.64,,,,,,,
6663,D,Dc,Circati,Parma,6,,,,,8,,,,,,,,,,,,,,,,
6664,D,B;Dd;E,Delprato,Parma,6,,,,,14,,,,,,,,,,,,,,,,
327,D,Dd;Dc,Patric,Lazio,5,31.0,3.4,,,10,17.0,6.12,6.09,21.0,5.76,5.71,19.0,6.08,6.29,21.0,5.83,5.74,23.0,5.72,5.59,6.05
1952,D,Dd;Ds;E,Zampano,Venezia,5,,,,,8,,,,,,,,,,,,,,,,
2181,D,Dc,Palomino,Cagliari,5,34.0,3.3,,,8,14.0,5.82,5.75,33.0,6.14,6.09,0.0,0.0,0.0,30.0,5.97,6.05,31.0,5.97,6.05,6.01
2593,D,Ds;E,Martin,Genoa,5,27.0,3.4,,,13,,,,,,,20.0,5.92,5.92,,,,,,,5.9
2653,D,Ds;E,Lykogiannis,Bologna,5,31.0,3.5,,,12,19.0,5.97,6.21,25.0,5.7,5.78,18.0,5.97,6.36,19.0,5.74,5.68,30.0,5.8,6.1,6.09
4385,D,E,Lazaro,Torino,5,28.0,3.3,,,8,20.0,6.0,6.05,0.0,0.0,0.0,30.0,6.02,6.07,6.0,5.83,5.83,,,,5.98
4421,D,Ds;E,Augello,Cagliari,5,30.0,3.1,,,8,37.0,5.84,6.09,34.0,5.81,5.93,32.0,5.77,5.81,16.0,6.06,6.12,37.0,5.92,6.03,5.8
4458,D,Dd;E,Candela,Venezia,5,,,,,8,,,,,,,,,,0.0,0.0,0.0,,,,
4493,D,Dc,Dawidowicz,Verona,5,29.0,3.0,,,7,22.0,5.8,5.8,15.0,5.77,5.67,26.0,5.77,5.6,10.0,5.9,5.9,27.0,5.87,5.72,5.71
4502,D,Ds;E,Gallo,Lecce,5,24.0,3.4,,,11,31.0,5.82,5.65,,,,34.0,5.94,6.0,0.0,0.0,0.0,,,,5.95
4958,D,Ds;Dc,Caldirola,Monza,5,33.0,3.1,,,8,30.0,5.93,6.03,,,,29.0,5.79,5.78,,,,22.0,5.75,5.91,5.77
5532,D,Ds;E,Bradaric,Verona,5,25.0,3.1,,,8,30.0,5.75,5.77,,,,34.0,5.72,5.74,,,,,,,5.8
5554,D,Dd;Dc,Daniliuc,Verona,5,23.0,3.2,,,8,27.0,5.69,5.5,,,,11.0,5.45,5.36,,,,,,,5.92
5555,D,Ds;E,Kamara H.,Udinese,5,30.0,3.4,,,13,,,,,,,31.0,6.06,6.1,,,,,,,5.97
5626,D,B;Dd;Ds,Guilbert,Lecce,5,,,,,8,,,,,,,,,,,,,,,,
5838,D,Dd;Ds;E,Birindelli,Monza,5,25.0,3.2,,,8,30.0,5.83,5.77,,,,32.0,6.0,5.89,,,,,,,5.89
6231,D,Dd;Ds;E,Azzi,Cagliari,5,30.0,3.1,,,7,,,,,,,22.0,5.84,5.82,,,,,,,5.81
6235,D,Dd;Ds;E,Kayode,Fiorentina,5,20.0,3.4,,,8,,,,,,,26.0,6.06,6.17,,,,,,,6.07
6245,D,Dd;Dc,Vogliacco,Genoa,5,26.0,3.1,,,4,,,,,,,15.0,6.03,5.97,,,,,,,5.97
6639,D,Ds;E,Frese,Verona,5,,,,,7,,,,,,,,,,,,,,,,
6885,D,Dd;E,Abdulhamid,Roma,5,,,,,12,,,,,,,,,,,,,,,,
6896,D,Dd;E,Van Der Brempt,Como,5,,,,,8,,,,,,,,,,,,,,,,
140,D,Dd;Ds;E,Hysaj,Lazio,4,30.0,2.9,,,6,30.0,5.97,6.05,27.0,5.63,5.69,20.0,5.7,5.65,19.0,5.87,6.05,21.0,5.93,5.93,5.72
256,D,Ds;Dc,Juan Jesus,Napoli,4,33.0,2.9,,,6,12.0,6.08,6.25,15.0,6.03,6.07,24.0,5.69,5.67,3.0,5.0,4.67,4.0,5.75,5.75,5.7
695,D,Dc,Toloi,Atalanta,4,34.0,3.4,,,9,32.0,5.98,6.05,19.0,6.0,6.05,14.0,5.89,5.68,30.0,6.18,6.35,31.0,5.94,5.97,6.01
697,D,E,Cuadrado,Atalanta,4,36.0,3.3,,,9,30.0,5.85,5.92,32.0,6.3,6.62,10.0,6.05,6.2,33.0,6.05,6.18,29.0,6.31,6.64,5.94
729,D,Dd;E,Pereira P.,Monza,4,27.0,3.1,,,8,0.0,0.0,0.0,,,,19.0,5.76,5.74,,,,34.0,5.72,5.75,5.8
2769,D,Dc,Magnani,Verona,4,29.0,3.0,,,5,24.0,5.81,5.58,14.0,5.79,5.61,30.0,6.0,5.9,6.0,5.67,5.92,23.0,6.09,5.83,5.85
4374,D,Dc,Walukiewicz,Torino,4,24.0,2.9,,,6,9.0,5.89,5.89,6.0,5.67,5.58,27.0,5.76,5.65,14.0,5.64,5.61,19.0,5.5,5.53,5.72
4401,D,Dc,Gabbia,Milan,4,,,,,9,9.0,5.5,5.39,7.0,5.57,5.36,17.0,6.06,6.26,9.0,5.83,5.78,6.0,6.0,5.83,
4657,D,Dd;E,Celik,Roma,4,27.0,3.5,,,12,21.0,5.81,5.69,,,,12.0,5.92,5.88,,,,,,,6.01
4925,D,Ds;Dc,Carboni A.,Monza,4,23.0,3.3,,,8,3.0,5.33,5.33,28.0,5.64,5.46,21.0,5.88,6.0,6.0,5.5,5.0,14.0,5.64,5.64,5.94
4976,D,Dd;Dc,Kalulu,Juventus,4,24.0,3.4,,,12,32.0,5.75,5.78,24.0,6.33,6.46,7.0,5.86,5.86,,,,10.0,5.65,5.9,5.97
5327,D,Dc,Osorio,Parma,4,,,,,6,,,,,,,,,,,,,22.0,5.61,5.57,
5480,D,Dd;E,Ebuehi,Empoli,4,29.0,3.2,,,6,25.0,6.06,6.46,17.0,5.59,5.5,15.0,5.8,5.87,,,,,,,5.98
5481,D,E,Mazzocchi,Napoli,4,29.0,3.2,,,12,27.0,6.17,6.46,32.0,5.84,5.83,25.0,5.68,5.64,,,,,,,5.79
5484,D,Dc,Svoboda,Venezia,4,,,,,6,,,,18.0,5.53,5.42,,,,,,,,,,
5764,D,Dc,Coppola D.,Verona,4,21.0,3.2,,,8,16.0,5.81,5.66,3.0,5.83,5.83,20.0,5.85,5.92,,,,,,,5.87
5833,D,Dc,Gila,Lazio,4,24.0,3.3,,,11,2.0,5.5,5.5,,,,21.0,6.02,5.93,,,,,,,5.9
6217,D,Dc,Bisseck,Inter,4,24.0,3.4,,,11,,,,,,,11.0,6.36,7.0,,,,,,,5.96
6464,D,Dc,Wieteska,Cagliari,4,27.0,3.0,,,4,,,,,,,15.0,5.57,5.5,,,,,,,5.92
6485,D,Dc,Kristensen T.,Udinese,4,22.0,3.1,,,8,,,,,,,26.0,5.79,5.75,,,,,,,5.79
6672,D,Dc,Idzes,Venezia,4,,,,,9,,,,,,,,,,,,,,,,
6673,D,B;Ds;E,Sverko,Venezia,4,,,,,7,,,,,,,,,,,,,,,,
6802,D,B;Dd;E,Savona,Juventus,4,,,,,10,,,,,,,,,,,,,,,,
6814,D,Dd;E,Norton-Cuffy,Genoa,4,,,,,5,,,,,,,,,,,,,,,,
6890,D,Dc,Moreno M.,Fiorentina,4,,,,,8,,,,,,,,,,,,,,,,
142,D,E,Mario Rui,Napoli,3,33.0,3.0,,,6,22.0,6.11,6.25,34.0,6.03,6.07,19.0,5.82,5.74,23.0,5.85,5.74,24.0,5.92,5.9,5.77
253,D,B;Dd;Ds,D'Ambrosio,Monza,3,36.0,3.0,,,5,13.0,5.96,5.96,15.0,6.23,6.47,24.0,5.79,5.69,18.0,6.08,6.58,8.0,6.06,7.12,5.79
487,D,Dd;E,De Silvestri,Bologna,3,36.0,2.9,,,5,13.0,5.92,5.96,31.0,5.94,6.18,12.0,6.17,6.67,26.0,5.77,5.73,28.0,5.71,5.86,5.71
581,D,Dd;E,Faraoni,Verona,3,33.0,2.9,,,6,21.0,5.95,6.17,32.0,6.08,6.48,16.0,5.72,5.62,36.0,6.1,6.51,34.0,6.07,6.46,5.68
2728,D,Ds;E,Pellegrini Lu.,Lazio,3,25.0,3.0,,,6,3.0,6.17,5.83,17.0,6.09,5.97,17.0,5.79,5.76,24.0,6.04,6.04,11.0,5.59,5.41,5.8
4263,D,Dc,Kabasele,Udinese,3,33.0,3.1,,,4,,,,,,,10.0,5.75,5.8,,,,,,,5.96
5307,D,Dc,Valenti,Parma,3,,,,,5,,,,,,,,,,,,,9.0,5.44,5.44,
5353,D,Dc,Balogh,Parma,3,,,,,1,,,,,,,,,,,,,3.0,5.83,5.67,
5447,D,Dc,Altare,Venezia,3,,,,,8,,,,19.0,5.97,6.0,0.0,0.0,0.0,,,,,,,
5804,D,Ds;E,Cacace,Empoli,3,24.0,2.9,,,5,10.0,5.65,5.6,8.0,5.81,5.75,28.0,5.73,5.66,,,,,,,5.75
5900,D,Dc,Toure' I.s.,Udinese,3,,,,,5,,,,,,,,,,,,,,,,
6055,D,Dc,Thiaw,Milan,3,23.0,3.0,,,10,19.0,5.92,5.79,,,,20.0,5.68,5.4,,,,,,,5.63
6211,D,Ds;E,Zemura,Udinese,3,25.0,3.0,,,4,,,,,,,21.0,5.86,5.98,,,,,,,5.9
6438,D,Dd;Dc,Hatzidiakos,Cagliari,3,27.0,3.1,,,4,,,,,,,13.0,5.5,5.46,,,,,,,5.98
6632,D,Dc,Gaspar K.,Lecce,3,,,,,12,,,,,,,,,,,,,,,,
6647,D,Ds;E,Dahl,Roma,3,,,,,8,,,,,,,,,,,,,,,,
6654,D,Dd;E,Iovine,Como,3,,,,,7,,,,,,,,,,,,,,,,
6665,D,Dd;Ds;E,Coulibaly W.,Parma,3,,,,,14,,,,,,,,,,,,,,,,
6806,D,Dd;Ds;Dc,Pelmard,Lecce,3,,,,,7,,,,,,,,,,,,,,,,
6874,D,Dc,Palacios T.,Inter,3,,,,,6,,,,,,,,,,,,,,,,
6892,D,Dd;Dc,Schingtienne,Venezia,3,,,,,6,,,,,,,,,,,,,,,,
6893,D,Dc,Kempf,Como,3,,,,,6,,,,,,,,,,,,,,,,
134,D,Ds;Dc,Barba,Como,2,,,,,3,,,,,,,,,,,,,32.0,5.7,5.58,
418,D,Dc,Goldaniga,Como,2,31.0,3.0,,,4,,,,11.0,5.64,5.5,13.0,5.65,5.54,11.0,5.59,5.68,24.0,5.85,5.73,5.94
2192,D,Dc,Bonifazi,Lecce,2,28.0,3.0,,,4,13.0,5.73,5.65,17.0,5.65,5.41,6.0,5.75,5.75,17.0,5.56,5.85,28.0,5.88,5.8,5.92
4386,D,Ds;E,Sala M.,Como,2,,,,,6,,,,,,,,,,0.0,0.0,0.0,,,,
5533,D,Dd;Dc,Djalo',Juventus,2,,,,,4,,,,,,,1.0,6.0,6.0,,,,,,,
5701,D,Dc,Obert,Cagliari,2,22.0,2.9,,,3,,,,4.0,5.88,5.88,13.0,5.35,5.31,,,,,,,5.89
5856,D,Dd;E,Sambia,Empoli,2,28.0,3.0,,,3,13.0,5.88,5.92,,,,16.0,5.91,6.09,,,,,,,5.94
6149,D,Ds;E,Carboni F.,Venezia,2,21.0,3.1,,,4,2.0,6.25,6.25,,,,0.0,0.0,0.0,,,,,,,5.98
6284,D,Dc,Okou,Verona,2,,,,,3,,,,,,,,,,,,,,,,
6495,D,Dc,Comuzzo,Fiorentina,2,,,,,10,,,,,,,2.0,6.0,5.75,,,,,,,
6681,D,Dd;E,Sagrado,Venezia,2,,,,,7,,,,,,,,,,,,,,,,
6826,D,E,Dembele' A.,Torino,2,,,,,3,,,,,,,,,,,,,,,,
6883,D,Dc,Jean,Lecce,2,,,,,3,,,,,,,,,,,,,,,,
6887,D,Dc,Leoni,Parma,2,,,,,3,,,,,,,,,,,,,,,,
358,D,Dd;Ds;E,De Sciglio,Empoli,1,32.0,3.3,,,10,17.0,5.76,5.76,16.0,6.06,6.25,1.0,6.0,6.0,7.0,6.0,5.93,1.0,6.0,6.0,5.93
2203,D,Ds;E,Di Chiara,Parma,1,,,,,1,,,,,,,,,,,,,,,,
5695,D,Ds;E,Haps,Venezia,1,31.0,2.5,,,1,,,,25.0,5.84,5.88,14.0,5.93,6.0,,,,,,,5.85
5812,D,Dd;E,Terracciano F.,Milan,1,21.0,2.6,,,1,13.0,6.08,6.12,,,,19.0,5.89,5.89,,,,,,,5.89
5994,D,Ds;Dc,Ebosse,Udinese,1,25.0,2.7,,,1,14.0,5.64,5.54,,,,0.0,0.0,0.0,,,,,,,6.0
6244,D,Dc,Matturro,Genoa,1,20.0,2.6,,,1,,,,,,,3.0,5.5,4.83,,,,,,,5.88
6407,D,Dd;Ds;E,Corazza,Bologna,1,25.0,2.6,,,1,,,,,,,5.0,5.9,5.8,,,,,,,5.94
6474,D,Dc,Sazonov,Empoli,1,22.0,3.1,,,6,,,,,,,8.0,5.75,5.69,,,,,,,5.92
6537,D,Dd;Dc,Goglichidze,Empoli,1,,,,,1,,,,,,,0.0,0.0,0.0,,,,,,,
6551,D,Dc,Ilic M.,Bologna,1,,,,,1,,,,,,,0.0,0.0,0.0,,,,,,,
6631,D,Dc,Ghilardi,Verona,1,,,,,1,,,,,,,,,,,,,,,,
6637,D,Dd;E,Kovacik,Como,1,,,,,1,,,,,,,,,,,,,,,,
6649,D,Dd;E,Sangare' B.,Roma,1,,,,,1,,,,,,,,,,,,,,,,
6660,D,Dc,Marcandalli,Genoa,1,,,,,1,,,,,,,,,,,,,,,,
6803,D,Ds;E,Rouhi,Juventus,1,,,,,1,,,,,,,,,,,,,,,,
6809,D,Dc,Marianucci,Empoli,1,,,,,1,,,,,,,,,,,,,,,,
2423,C,T;A,Pulisic,Milan,30,26.0,5.0,,,180,,,,,,,36.0,6.33,7.5,,,,,,,7.51
2194,C,M;C,Calhanoglu,Inter,28,30.0,5.0,,,163,33.0,6.36,6.74,33.0,6.36,7.2,32.0,6.47,7.7,35.0,6.3,7.24,33.0,6.27,6.85,7.75
5685,C,T,Koopmeiners,Juventus,28,26.0,5.0,,,160,33.0,6.36,7.14,28.0,6.3,6.62,34.0,6.4,7.53,,,,,,,7.44
632,C,W;A,Zaccagni,Lazio,27,29.0,4.6,,,155,35.0,6.54,7.44,30.0,6.3,6.93,28.0,6.23,6.77,33.0,6.11,6.36,35.0,6.3,6.79,6.99
536,C,W,Politano,Napoli,23,31.0,4.2,,,70,23.0,6.22,6.54,31.0,6.13,6.5,37.0,6.19,6.89,22.0,5.93,6.27,36.0,6.22,7.01,6.74
5878,C,T,Colpani,Fiorentina,22,25.0,4.4,,,89,24.0,6.1,6.62,,,,38.0,6.2,6.92,,,,,,,6.87
530,C,C;T,Pellegrini Lo.,Roma,21,28.0,4.4,,,73,32.0,5.97,6.33,27.0,6.28,7.13,29.0,6.14,6.95,27.0,6.2,6.5,33.0,6.3,6.94,6.99
1870,C,C,Barella,Inter,21,27.0,4.3,,,75,35.0,6.26,6.86,36.0,6.49,6.92,37.0,6.38,6.53,27.0,6.07,6.09,36.0,6.29,6.61,6.8
2167,C,W,Orsolini,Bologna,21,27.0,4.4,,,90,32.0,6.16,7.09,26.0,6.04,6.81,31.0,6.16,7.06,37.0,5.92,6.69,31.0,5.97,6.74,6.91
5393,C,W;A,Man,Parma,21,,,,,107,,,,,,,,,,,,,11.0,6.09,6.68,
4911,C,C,Douglas Luiz,Juventus,20,,,,,66,,,,,,,,,,,,,,,,
6831,C,W;A,Neres,Napoli,20,,,,,77,,,,,,,,,,,,,,,,
2848,C,C;T,Frattesi,Inter,18,25.0,4.4,,,62,36.0,6.26,6.79,36.0,6.08,6.36,28.0,6.27,7.0,,,,0.0,0.0,0.0,6.97
4199,C,C;T,Loftus-Cheek,Milan,18,28.0,4.1,,,51,,,,,,,29.0,6.12,6.69,,,,,,,6.71
5119,C,T,Samardzic,Atalanta,17,22.0,4.1,,,53,32.0,6.05,6.59,13.0,6.12,6.73,33.0,6.18,6.74,,,,,,,6.7
5858,C,C;T,Ferguson,Bologna,17,25.0,4.1,,,42,31.0,6.24,6.85,,,,31.0,6.39,6.94,,,,,,,6.8
4777,C,M;C,McTominay,Napoli,16,,,,,57,,,,,,,,,,,,,,,,
2529,C,C,Mkhitaryan,Inter,15,35.0,3.9,,,39,31.0,6.1,6.39,31.0,6.21,6.82,36.0,6.4,6.68,22.0,6.25,7.59,34.0,6.32,7.74,6.57
5792,C,M;C,Ederson D.s.,Atalanta,15,25.0,4.0,,,55,34.0,5.94,6.0,15.0,6.17,6.47,36.0,6.14,6.56,,,,,,,6.55
2077,C,C;T,Pasalic,Atalanta,14,29.0,4.2,,,52,32.0,5.95,6.41,33.0,6.24,7.56,33.0,6.21,6.89,34.0,6.15,6.88,20.0,6.08,7.0,6.81
5687,C,T,Vlasic,Torino,14,27.0,3.8,,,48,34.0,6.22,6.82,,,,33.0,6.02,6.3,,,,,,,6.34
6666,C,C;T,Bernabe',Parma,14,,,,,45,,,,,,,,,,,,,,,,
5688,C,W;T,Harroui,Verona,13,26.0,3.9,,,34,17.0,5.94,6.24,10.0,5.8,5.7,17.0,6.15,6.79,,,,,,,6.58
6206,C,C;T,Fabbian,Bologna,13,21.0,4.1,,,43,,,,,,,22.0,6.23,6.86,,,,,,,6.8
6486,C,W;T,Suslov,Verona,13,22.0,3.8,,,37,,,,,,,30.0,6.12,6.47,,,,,,,6.44
2766,C,T;A,Zaniolo,Atalanta,12,,,,,30,13.0,5.81,5.88,27.0,6.0,6.02,,,,25.0,6.16,6.8,0.0,0.0,0.0,
4486,C,W,Strefezza,Como,12,27.0,3.5,,,32,34.0,6.31,6.97,,,,19.0,5.82,5.87,32.0,5.91,5.92,,,,6.1
5559,C,W;T,Da Cunha,Como,12,,,,,32,,,,,,,,,,,,,,,,
5791,C,E;M,Frendrup,Genoa,12,23.0,3.6,,,27,,,,10.0,5.8,5.75,37.0,6.23,6.42,,,,,,,6.31
6224,C,C,Reijnders,Milan,12,26.0,3.7,,,30,,,,,,,36.0,6.12,6.38,,,,,,,6.43
236,C,W,Lazovic,Verona,11,34.0,3.5,,,23,30.0,6.25,6.82,34.0,6.22,6.49,31.0,5.87,6.19,38.0,6.2,6.57,31.0,6.15,6.58,6.21
2741,C,M;C,Pessina,Monza,11,27.0,3.7,,,36,35.0,6.14,6.57,24.0,5.9,6.06,37.0,6.07,6.46,34.0,6.04,6.56,26.0,6.23,6.46,6.38
4427,C,C;T,Malinovskyi,Genoa,11,31.0,3.7,,,26,12.0,6.0,6.38,29.0,6.26,6.88,23.0,6.22,6.63,32.0,6.27,6.91,32.0,6.39,7.44,6.49
6884,C,W;A,Conceicao,Juventus,11,,,,,24,,,,,,,,,,,,,,,,
152,C,C;T,Zielinski,Inter,10,30.0,3.6,,,26,37.0,6.3,6.72,34.0,6.12,6.78,27.0,5.94,6.33,36.0,5.99,6.18,36.0,6.39,7.28,6.35
788,C,M;C,Freuler,Bologna,10,32.0,3.3,,,19,0.0,0.0,0.0,29.0,5.93,5.83,32.0,6.11,6.06,30.0,6.05,6.23,33.0,6.3,6.52,6.06
4186,C,C,Guendouzi,Lazio,10,25.0,3.5,,,18,,,,,,,33.0,6.02,6.21,,,,,,,6.28
4220,C,M;C,Zambo Anguissa,Napoli,10,29.0,3.2,,,19,36.0,6.25,6.6,23.0,6.28,6.22,33.0,5.82,5.85,,,,,,,5.97
4465,C,C;T,Fagioli,Juventus,10,23.0,3.6,,,18,23.0,6.13,6.59,0.0,0.0,0.0,8.0,6.06,6.25,0.0,0.0,0.0,1.0,6.0,6.0,6.4
4856,C,W;A,Chukwueze,Milan,10,25.0,3.7,,,35,,,,,,,20.0,6.02,6.25,,,,,,,6.31
4970,C,C;W,Messias,Genoa,10,33.0,3.6,,,24,25.0,6.0,6.62,26.0,6.0,6.62,17.0,6.18,6.35,,,,36.0,6.24,6.99,6.32
5562,C,M;C,Thuram K.,Juventus,10,,,,,25,,,,,,,,,,,,,,,,
5564,C,W,Ndoye,Bologna,10,24.0,3.5,,,24,,,,,,,31.0,6.02,6.08,,,,,,,6.19
5784,C,C;T,Aebischer,Bologna,10,27.0,3.4,,,20,26.0,5.87,5.9,8.0,5.88,5.81,31.0,6.0,5.9,,,,,,,6.12
5850,C,C,Lovric,Udinese,10,26.0,3.5,,,23,36.0,6.18,6.71,,,,29.0,5.97,6.09,,,,,,,6.24
6299,C,C;T,Le Fee,Roma,10,,,,,21,,,,,,,,,,,,,,,,
779,C,M;C,Cristante,Roma,9,29.0,3.5,,,20,36.0,5.99,5.89,34.0,5.97,5.96,37.0,6.11,6.35,24.0,5.77,5.81,31.0,5.82,5.77,6.22
827,C,M;C,Locatelli,Juventus,9,26.0,3.3,,,19,31.0,6.15,6.08,29.0,6.16,6.47,35.0,5.83,5.94,33.0,6.24,6.17,34.0,6.28,6.53,6.02
4287,C,M;C,Lobotka,Napoli,9,30.0,3.2,,,16,38.0,6.26,6.34,21.0,6.29,6.38,38.0,5.93,5.91,13.0,6.12,6.12,5.0,6.0,5.8,5.98
4376,C,C;T,Zurkowski,Empoli,9,,,,,23,10.0,5.7,5.75,33.0,6.17,6.7,13.0,6.04,6.81,0.0,0.0,0.0,,,,
4377,C,C;T,Castrovilli,Lazio,9,27.0,3.7,,,17,12.0,6.08,6.54,23.0,6.02,6.11,5.0,6.3,7.3,33.0,6.35,6.53,32.0,5.98,6.39,6.54
4896,C,T;A,Maldini,Monza,9,23.0,3.8,,,21,15.0,6.07,6.43,3.0,6.33,7.17,16.0,6.19,6.97,1.0,6.0,6.0,0.0,0.0,0.0,6.66
5007,C,C,Ilic,Torino,9,23.0,3.6,,,21,25.0,6.06,6.34,32.0,6.06,6.08,28.0,6.07,6.38,,,,28.0,5.93,6.11,6.4
5823,C,T;A,Baldanzi,Roma,9,21.0,3.6,,,20,26.0,6.15,6.58,,,,24.0,6.08,6.27,,,,,,,6.35
5919,C,W,Tchaouna,Lazio,9,21.0,3.5,,,16,,,,,,,29.0,6.07,6.52,,,,,,,6.39
22,C,M;C,De Roon,Atalanta,8,33.0,3.2,,,16,34.0,6.1,6.26,30.0,5.95,6.13,30.0,5.97,5.97,34.0,5.97,6.06,35.0,6.07,6.06,6.0
376,C,W;T,Verdi,Como,8,,,,,18,22.0,6.07,6.7,17.0,6.24,7.21,0.0,0.0,0.0,32.0,5.89,6.2,32.0,5.75,5.91,
526,C,C,Duncan,Venezia,8,31.0,3.5,,,16,21.0,5.88,5.95,31.0,5.92,6.13,26.0,6.08,6.46,24.0,6.08,6.44,15.0,5.77,5.8,6.34
2839,C,W,Sottil,Fiorentina,8,25.0,3.5,,,19,16.0,5.97,6.06,22.0,6.0,6.41,18.0,5.97,6.44,12.0,5.83,5.75,19.0,6.03,6.32,6.35
4342,C,M;C,Duda,Verona,8,30.0,3.2,,,16,14.0,5.82,5.68,,,,32.0,6.05,5.98,,,,,,,6.01
4364,C,T,Gaetano,Cagliari,8,24.0,4.0,,,40,4.0,6.12,6.88,,,,17.0,6.12,6.88,0.0,0.0,0.0,,,,6.67
5453,C,M;C,Ricci S.,Torino,8,23.0,3.3,,,20,28.0,6.16,6.3,30.0,5.88,5.95,30.0,5.9,5.87,,,,,,,6.0
5589,C,M;C,Kone' M.,Roma,8,,,,,17,,,,,,,,,,,,,,,,
6218,C,W;T;A,Oristanio,Venezia,8,22.0,3.6,,,23,,,,,,,24.0,6.1,6.38,,,,,,,6.35
6481,C,C,Payero,Udinese,8,26.0,3.3,,,13,,,,,,,28.0,5.88,6.02,,,,,,,6.14
6634,C,W,Tete Morente,Lecce,8,,,,,18,,,,,,,,,,,,,,,,
6804,C,M;C,Richardson,Fiorentina,8,,,,,16,,,,,,,,,,,,,,,,
170,C,M;C,Badelj,Genoa,7,35.0,3.1,,,9,,,,34.0,5.76,5.79,32.0,6.05,6.14,20.0,5.65,5.72,29.0,6.14,6.22,6.03
181,C,M;C,Vecino,Lazio,7,33.0,3.5,,,15,30.0,5.95,6.05,10.0,6.0,6.25,25.0,6.16,6.78,18.0,5.97,6.25,4.0,6.38,7.38,6.39
795,C,W,El Shaarawy,Roma,7,32.0,3.5,,,19,26.0,6.37,7.15,24.0,5.92,6.27,29.0,6.05,6.4,,,,9.0,5.67,5.94,6.31
1933,C,M;C,Mandragora,Fiorentina,7,27.0,3.4,,,16,28.0,6.04,6.25,18.0,6.14,6.06,30.0,5.95,6.28,25.0,5.8,5.84,26.0,5.87,6.15,6.17
1976,C,M;C,Mazzitelli,Como,7,29.0,3.5,,,18,0.0,0.0,0.0,,,,29.0,6.1,6.52,0.0,0.0,0.0,,,,6.3
2818,C,M;C,Bennacer,Milan,7,27.0,3.4,,,15,28.0,6.23,6.46,28.0,6.27,6.41,18.0,6.08,6.47,31.0,6.03,5.9,21.0,5.74,5.69,6.26
4459,C,M;C,Rovella,Lazio,7,23.0,3.2,,,11,25.0,6.1,6.16,20.0,6.1,6.12,21.0,6.12,6.07,2.0,6.0,6.0,18.0,5.83,5.83,6.05
4662,C,W,Weah,Juventus,7,24.0,3.3,,,21,,,,,,,25.0,5.92,5.86,,,,,,,6.07
4686,C,M;C,Fofana Y.,Milan,7,,,,,19,,,,,,,,,,,,,,,,
4947,C,M;C,Brescianini,Atalanta,7,24.0,3.8,,,38,,,,,,,35.0,6.09,6.44,,,,,,,6.39
4992,C,W,Gyasi,Empoli,7,30.0,3.2,,,20,35.0,5.77,5.8,36.0,5.78,6.08,29.0,5.66,5.69,,,,36.0,5.96,6.4,5.96
5131,C,M;C,Gilmour,Napoli,7,,,,,11,,,,,,,,,,,,,,,,
6459,C,W;A,Karlsson,Bologna,7,26.0,3.4,,,10,,,,,,,6.0,5.92,5.92,,,,,,,6.36
6645,C,T,Marchwinski,Lecce,7,,,,,16,,,,,,,,,,,,,,,,
6684,C,C;T,Ekkelenkamp,Udinese,7,,,,,12,,,,,,,,,,,,,,,,
6875,C,T;A,Paz N.,Como,7,,,,,20,,,,,,,,,,,,,,,,
440,C,C;T,Viola,Cagliari,6,35.0,3.5,,,14,,,,3.0,5.67,5.67,25.0,6.2,6.7,,,,17.0,6.24,7.15,6.42
468,C,M;C,Paredes,Roma,6,30.0,3.3,,,16,20.0,5.78,5.78,,,,34.0,5.99,6.13,,,,,,,6.09
1978,C,C;T,Sensi,Monza,6,29.0,3.7,,,16,27.0,6.02,6.26,14.0,5.93,6.11,1.0,6.5,6.5,12.0,6.29,7.04,16.0,6.0,5.91,6.56
2172,C,T,Barak,Fiorentina,6,30.0,3.3,,,14,28.0,5.82,5.96,29.0,6.31,7.48,13.0,6.08,6.62,22.0,5.89,6.18,34.0,6.09,6.69,6.1
2274,C,C;T,Valoti,Monza,6,,,,,13,7.0,5.71,5.71,,,,0.0,0.0,0.0,25.0,5.94,6.2,,,,
4423,C,C,Hernani,Parma,6,,,,,11,,,,14.0,5.64,5.64,,,,32.0,5.98,5.95,31.0,5.89,6.48,
4965,C,M;C,Marin,Cagliari,6,28.0,3.2,,,13,32.0,5.98,6.2,36.0,5.9,5.96,28.0,5.98,6.02,,,,37.0,5.99,6.28,6.02
4973,C,M;C,McKennie,Juventus,6,26.0,3.3,,,12,15.0,5.7,5.97,19.0,6.18,6.63,33.0,6.2,6.32,,,,33.0,6.17,6.61,6.17
5319,C,C,Sohm,Parma,6,,,,,13,,,,,,,,,,,,,17.0,5.65,5.79,
5507,C,C,Busio,Venezia,6,,,,,15,,,,28.0,5.88,5.88,,,,,,,,,,
6061,C,W;T,Oudin,Lecce,6,28.0,3.4,,,12,25.0,5.98,6.3,,,,31.0,6.18,6.48,,,,,,,6.33
6112,C,W,Iling Junior,Bologna,6,21.0,3.3,,,11,8.0,6.19,6.62,,,,20.0,5.98,6.2,,,,,,,6.22
6252,C,C;T,Folorunsho,Napoli,6,26.0,3.5,,,15,,,,,,,33.0,6.0,6.41,,,,,,,6.35
6592,C,W;T,Forson O.,Monza,6,,,,,13,,,,,,,,,,,,,,,,
6629,C,C;T,Dele-Bashiru,Lazio,6,,,,,20,,,,,,,,,,,,,,,,
6680,C,M;C,Karlstrom,Udinese,6,,,,,8,,,,,,,,,,,,,,,,
6815,C,W;A,Fadera,Como,6,,,,,13,,,,,,,,,,,,,,,,
6898,C,M;C,Keita M.,Parma,6,,,,,12,,,,,,,,,,,,,,,,
801,C,M;C,Gagliardini,Monza,5,30.0,3.0,,,9,13.0,5.62,5.46,15.0,6.1,6.57,32.0,5.88,5.92,24.0,5.94,6.33,22.0,6.05,6.5,5.94
4404,C,C,Thorsby,Genoa,5,28.0,3.3,,,10,,,,35.0,5.86,6.0,21.0,5.98,6.31,23.0,5.74,5.63,33.0,6.03,6.18,6.25
4498,C,C;T,Henderson L.,Empoli,5,,,,,8,23.0,5.83,5.67,34.0,6.0,6.21,0.0,0.0,0.0,3.0,6.0,5.83,0.0,0.0,0.0,
4658,C,W,Ikone',Fiorentina,5,26.0,3.3,,,13,30.0,6.03,6.43,15.0,5.87,6.1,26.0,5.79,6.08,,,,,,,6.15
4890,C,M;C,Tameze,Torino,5,30.0,2.9,,,9,37.0,5.81,5.77,36.0,6.25,6.58,28.0,5.79,5.73,3.0,6.17,6.17,32.0,5.92,5.92,5.84
4892,C,W,Saelemaekers,Roma,5,25.0,3.4,,,12,29.0,5.91,6.17,34.0,6.01,6.16,30.0,6.08,6.47,12.0,6.0,6.08,32.0,5.94,6.14,6.34
5295,C,C;W,Musah,Milan,5,22.0,3.2,,,10,,,,,,,25.0,5.92,5.86,,,,,,,6.07
5504,C,M;C,Coulibaly L.,Lecce,5,28.0,2.9,,,9,35.0,6.06,6.23,31.0,5.79,5.74,27.0,5.72,5.65,,,,,,,5.81
6010,C,C;T,Fazzini,Empoli,5,21.0,3.4,,,19,15.0,5.9,5.8,,,,25.0,5.92,5.96,,,,,,,6.19
6394,C,M;C,Ramadani,Lecce,5,28.0,3.0,,,10,,,,,,,34.0,5.82,5.72,,,,,,,5.85
6458,C,M;C,Serdar,Verona,5,27.0,3.1,,,10,,,,,,,23.0,6.07,5.96,,,,,,,5.97
1871,C,M;C,Deiola,Cagliari,4,29.0,2.8,,,6,,,,31.0,5.82,6.16,22.0,5.7,5.59,10.0,5.8,6.05,20.0,5.65,5.58,5.76
2008,C,M;C,Linetty,Torino,4,29.0,2.9,,,7,29.0,5.95,5.93,16.0,5.78,5.72,26.0,5.92,5.69,28.0,5.96,6.43,24.0,5.69,5.71,5.81
2117,C,C;T,Kastanos,Verona,4,26.0,3.2,,,7,22.0,6.02,6.2,25.0,5.9,5.94,24.0,6.0,6.29,,,,,,,6.23
4711,C,E;W,Kostic,Juventus,4,32.0,2.9,,,7,36.0,6.11,6.6,,,,29.0,5.91,5.98,,,,,,,5.91
5290,C,M;C,Estevez,Parma,4,,,,,10,,,,,,,,,,,,,27.0,5.87,5.85,
5423,C,M;C,Bove,Fiorentina,4,22.0,3.1,,,10,17.0,6.03,6.15,2.0,6.5,8.0,28.0,5.96,5.96,,,,0.0,0.0,0.0,5.99
5425,C,C;W;T,Urbanski,Bologna,4,21.0,3.1,,,10,0.0,0.0,0.0,,,,18.0,5.92,5.83,,,,0.0,0.0,0.0,6.06
5457,C,C,Maleh,Empoli,4,26.0,3.0,,,8,21.0,5.81,5.76,23.0,6.07,6.26,34.0,5.79,5.66,,,,,,,5.93
5485,C,C;W,Bjarkason,Venezia,4,,,,,6,,,,0.0,0.0,0.0,,,,,,,,,,
5719,C,M;C,Asllani,Inter,4,22.0,3.4,,,14,13.0,5.92,5.85,18.0,6.0,6.17,16.0,6.22,6.5,,,,,,,6.28
5813,C,C;T,Miretti,Genoa,4,21.0,3.4,,,18,25.0,5.96,6.02,4.0,6.0,6.0,20.0,5.78,5.9,,,,,,,6.15
5875,C,M;C,Adli,Fiorentina,4,24.0,3.2,,,13,4.0,5.62,5.5,,,,21.0,5.98,6.14,,,,,,,6.09
5880,C,E;W,Ciurria,Monza,4,29.0,2.9,,,8,35.0,6.19,6.81,,,,22.0,5.86,5.86,,,,,,,5.87
5992,C,M;C,Bondo,Monza,4,21.0,2.8,,,5,2.0,5.75,5.5,,,,25.0,5.84,5.78,,,,,,,5.87
6020,C,C;W,Ellertsson,Venezia,4,,,,,11,5.0,5.8,5.7,,,,,,,,,,,,,
6151,C,M;C,Perrone,Como,4,,,,,6,,,,,,,,,,,,,,,,
6170,C,C,Gineitis,Torino,4,20.0,3.3,,,12,2.0,6.0,5.5,,,,10.0,6.05,5.95,,,,,,,6.16
6222,C,C;T,Rafia,Lecce,4,25.0,3.1,,,8,,,,,,,24.0,5.92,5.88,,,,,,,6.04
6225,C,M;C,El Azzouzi,Bologna,4,28.0,3.1,,,7,,,,,,,9.0,6.11,6.83,,,,,,,6.08
6232,C,M;C,Makoumbou,Cagliari,4,26.0,2.8,,,7,,,,,,,32.0,5.62,5.61,,,,,,,5.78
6424,C,M;C,Prati,Cagliari,4,21.0,3.2,,,12,,,,,,,26.0,5.92,6.0,,,,,,,6.02
6633,C,M;C,Pierret,Lecce,4,,,,,8,,,,,,,,,,,,,,,,
6640,C,E;W,Felici,Cagliari,4,,,,,12,,,,,,,,,,,,,,,,
6674,C,M;C,Andersen M.k.,Venezia,4,,,,,13,,,,,,,,,,,,,,,,
27,C,M;C,Grassi,Empoli,3,29.0,2.7,,,4,20.0,5.92,5.85,28.0,5.95,5.88,26.0,5.92,5.77,14.0,5.93,6.0,20.0,5.72,5.55,5.84
333,C,M;C,Cataldi,Fiorentina,3,30.0,3.0,,,7,28.0,5.98,5.93,30.0,6.03,6.08,22.0,5.98,5.95,16.0,6.09,6.22,13.0,5.73,5.58,5.94
556,C,M;C,Baselli,Como,3,,,,,7,,,,12.0,5.88,5.92,,,,16.0,5.94,5.97,10.0,6.0,5.9,
1987,C,E;C,Jankto,Cagliari,3,28.0,3.0,,,6,,,,0.0,0.0,0.0,16.0,5.84,6.16,30.0,6.0,6.2,33.0,5.91,6.47,6.01
2357,C,M;C,Cyprien,Parma,3,,,,,2,,,,,,,,,,,,,10.0,5.7,5.6,
4870,C,M;C,Adopo,Cagliari,3,24.0,2.8,,,3,4.0,5.88,5.75,,,,4.0,5.75,6.0,,,,,,,6.07
5422,C,W,Zalewski,Roma,3,22.0,3.0,,,8,32.0,5.98,6.16,13.0,5.85,5.81,22.0,5.8,5.77,,,,1.0,6.0,7.0,5.99
5879,C,T;A,Vignato S.,Monza,3,20.0,3.2,,,5,2.0,6.25,6.75,,,,8.0,6.0,6.25,,,,,,,6.38
6048,C,W,Alidou,Verona,3,,,,,6,,,,,,,,,,,,,,,,
6054,C,M;C,Moro N.,Bologna,3,21.0,3.1,,,8,25.0,6.04,6.3,,,,17.0,6.03,6.21,,,,,,,6.11
6212,C,M;C,Zarraga,Udinese,3,25.0,3.0,,,6,,,,,,,7.0,6.07,6.93,,,,,,,6.09
6562,C,M;C,Dani Silva,Verona,3,,,,,5,,,,,,,9.0,5.83,5.72,,,,,,,
6579,C,W,Mitrovic S.,Verona,3,,,,,6,,,,,,,10.0,5.9,5.9,,,,,,,
6656,C,M;C,Braunoder,Como,3,,,,,8,,,,,,,,,,,,,,,,
6676,C,M;C,Engelhardt,Como,3,,,,,8,,,,,,,,,,,,,,,,
6900,C,E;W,Rui Modesto,Udinese,3,,,,,5,,,,,,,,,,,,,,,,
6904,C,W;T,Yeboah J.,Venezia,3,,,,,8,,,,,,,,,,,,,,,,
2161,C,M;C,Haas,Empoli,2,,,,,3,24.0,5.88,5.96,16.0,5.88,5.91,1.0,5.5,5.0,,,,,,,
4349,C,M;C,Nicolussi Caviglia,Venezia,2,24.0,2.9,,,4,11.0,5.73,5.91,,,,6.0,5.92,6.0,0.0,0.0,0.0,0.0,0.0,0.0,6.07
5298,C,M;C,Pobega,Bologna,2,25.0,3.2,,,10,14.0,5.96,6.25,31.0,6.26,6.5,7.0,5.93,5.93,,,,20.0,6.1,6.85,6.11
5421,C,C;T,Camara D.,Parma,2,,,,,1,,,,,,,,,,,,,0.0,0.0,0.0,
5486,C,C,Crnigoj,Venezia,2,,,,,1,6.0,5.83,5.75,32.0,5.97,6.23,,,,,,,,,,
5516,C,M;C,Bianco,Monza,2,,,,,2,3.0,6.17,6.0,0.0,0.0,0.0,,,,,,,,,,
5998,C,E;W,Zerbin,Napoli,2,25.0,2.7,,,4,4.0,5.75,5.62,,,,16.0,5.78,5.78,,,,,,,5.83
6024,C,M;C,Sulemana I.,Atalanta,2,21.0,2.9,,,4,13.0,5.92,5.77,,,,19.0,5.89,6.13,,,,,,,6.04
6191,C,M;C,Belahyane,Verona,2,,,,,4,,,,,,,2.0,6.25,6.25,,,,,,,
6889,C,W;T,Anjorin,Empoli,2,,,,,4,,,,,,,,,,,,,,,,
5286,C,M;C,Akpa Akpro,Lazio,1,32.0,2.7,,,2,24.0,6.04,6.0,6.0,5.33,5.25,14.0,5.82,5.64,,,,25.0,5.96,5.82,5.99
5725,C,M;C,Kone B.,Como,1,,,,,1,,,,1.0,5.0,5.0,,,,,,,,,,
5798,C,M;C,Bohinen,Genoa,1,25.0,2.6,,,1,19.0,5.82,5.82,10.0,5.95,5.8,14.0,5.86,5.82,,,,,,,6.06
6190,C,C,Pisilli,Roma,1,,,,,1,,,,,,,0.0,0.0,0.0,,,,,,,
6203,C,M;C,Belardinelli,Empoli,1,23.0,2.5,,,1,,,,,,,0.0,0.0,0.0,,,,,,,6.05
6410,C,M;C,Kaba,Lecce,1,23.0,2.4,,,1,,,,,,,22.0,5.82,5.73,,,,,,,5.82
6524,C,C;T,Zeroli,Milan,1,,,,,1,,,,,,,,,,,,,,,,
6532,C,E;W,Buchanan T.,Inter,1,,,,,1,,,,,,,7.0,6.07,6.5,,,,,,,
6677,C,T,Adzic,Juventus,1,,,,,1,,,,,,,,,,,,,,,,
6678,C,W;T,Liberali,Milan,1,,,,,1,,,,,,,,,,,,,,,,
6683,C,M;C,Doumbia I.,Venezia,1,,,,,2,,,,,,,,,,,,,,,,
6839,C,C;T,Byar,Bologna,1,,,,,1,,,,,,,,,,,,,,,,
6891,C,M;C,Vos,Milan,1,,,,,1,,,,,,,,,,,,,,,,
6903,C,C;T,Hasa,Lecce,1,,,,,1,,,,,,,,,,,,,,,,
6908,C,M;C,Atta,Udinese,1,,,,,1,,,,,,,,,,,,,,,,
2764,A,Pc,Martinez L.,Inter,39,27.0,4.7,,,406,37.0,6.42,8.16,33.0,6.38,8.02,33.0,6.65,8.73,35.0,6.21,7.29,38.0,6.46,7.87,8.39
2841,A,Pc,Vlahovic,Juventus,38,24.0,4.3,,,383,25.0,6.06,7.16,36.0,6.4,8.35,33.0,6.18,7.42,27.0,5.91,6.46,37.0,6.27,8.01,7.74
4661,A,Pc,Osimhen,Napoli,34,26.0,4.0,,,155,32.0,6.73,9.14,27.0,6.48,7.98,25.0,6.36,7.88,,,,24.0,6.33,7.58,7.48
309,A,A,Dybala,Roma,33,31.0,4.4,,,279,25.0,6.64,8.24,28.0,6.36,7.45,27.0,6.48,8.2,32.0,6.67,7.84,19.0,6.11,6.89,8.07
2531,A,Pc,Lukaku,Napoli,33,31.0,4.1,,,340,25.0,6.24,7.66,0.0,0.0,0.0,32.0,6.09,7.2,36.0,6.42,8.33,35.0,6.63,8.89,7.43
4871,A,Pc,Thuram,Inter,32,27.0,4.2,,,260,,,,,,,35.0,6.54,7.81,,,,,,,7.64
5839,A,A,Kvaratskhelia,Napoli,30,23.0,4.1,,,260,34.0,6.62,7.96,,,,34.0,6.25,7.25,,,,,,,7.52
6675,A,Pc,Dovbyk,Roma,30,,,,,238,,,,,,,,,,,,,,,,
2137,A,Pc,Scamacca,Atalanta,27,25.0,4.0,,,145,0.0,0.0,0.0,32.0,6.22,7.61,28.0,6.41,7.89,,,,26.0,6.17,7.08,7.48
4730,A,A,Lookman,Atalanta,27,28.0,4.2,,,222,30.0,6.47,7.92,,,,30.0,6.37,7.63,,,,,,,7.63
313,A,Pc,Morata,Milan,26,,,,,181,,,,35.0,6.1,6.91,,,,,,,30.0,6.15,7.4,
608,A,Pc,Zapata D.,Torino,26,33.0,3.9,,,172,24.0,5.96,6.27,24.0,6.38,7.73,37.0,6.26,7.36,28.0,6.54,8.66,37.0,6.42,7.88,7.15
5800,A,A,Gudmundsson A.,Fiorentina,26,27.0,4.0,,,170,,,,11.0,5.68,5.82,35.0,6.47,7.64,,,,,,,7.49
4179,A,A,Gonzalez N.,Juventus,24,26.0,3.8,,,102,22.0,6.11,6.86,33.0,6.35,7.11,29.0,6.31,7.4,,,,,,,7.19
4510,A,A,Leao,Milan,24,25.0,4.1,,,200,34.0,6.47,7.9,34.0,6.63,7.84,33.0,6.39,7.41,27.0,6.07,6.78,29.0,6.02,6.78,7.45
6228,A,Pc,Retegui,Atalanta,23,25.0,3.8,,,194,,,,,,,29.0,6.09,6.79,,,,,,,7.03
6226,A,Pc,Castellanos,Lazio,22,26.0,3.5,,,112,,,,,,,31.0,5.87,6.32,,,,,,,6.62
5995,A,A,De Ketelaere,Atalanta,21,23.0,3.9,,,147,27.0,5.74,5.74,,,,33.0,6.32,7.39,,,,,,,7.3
6643,A,Pc,Dallinga,Bologna,21,,,,,94,,,,,,,,,,,,,,,,
2097,A,Pc,Kean,Fiorentina,20,24.0,3.8,,,100,23.0,5.89,6.52,25.0,5.96,6.56,14.0,6.0,5.93,0.0,0.0,0.0,,,,7.18
2038,A,Pc,Pinamonti,Genoa,19,25.0,3.6,,,97,32.0,5.67,6.06,36.0,6.15,7.21,37.0,5.92,6.7,30.0,5.7,6.12,4.0,6.25,7.0,6.79
5734,A,W;A,Soule',Roma,19,21.0,3.7,,,93,7.0,6.14,6.57,,,,36.0,6.29,7.07,,,,,,,6.95
441,A,Pc,Belotti,Como,16,31.0,3.6,,,75,22.0,5.8,5.75,22.0,6.2,7.32,24.0,6.21,7.1,35.0,6.16,7.41,34.0,6.43,7.6,6.86
6434,A,A,Yildiz,Juventus,16,19.0,3.4,,,84,,,,,,,21.0,6.05,6.29,,,,,,,6.57
6435,A,Pc,Krstovic,Lecce,16,24.0,3.4,,,72,,,,,,,33.0,5.91,6.3,,,,,,,6.56
6556,A,A,Noslin,Lazio,16,,,,,73,,,,,,,17.0,6.35,7.41,,,,,,,
6628,A,Pc,Taremi,Inter,16,,,,,70,,,,,,,,,,,,,,,,
6646,A,A,Adams C.,Torino,16,,,,,72,,,,,,,,,,,,,,,,
2475,A,A,Sanchez,Udinese,15,36.0,3.5,,,70,0.0,0.0,0.0,22.0,6.14,6.91,19.0,6.18,6.76,17.0,6.44,7.5,25.0,6.38,7.34,6.83
5079,A,Pc,Pohjanpalo,Venezia,15,,,,,78,,,,,,,,,,,,,,,,
5672,A,Pc,Dia,Lazio,15,28.0,3.4,,,66,33.0,6.27,7.82,,,,17.0,5.85,6.53,,,,,,,6.6
4359,A,Pc,Piccoli,Cagliari,14,23.0,3.4,,,55,16.0,5.84,6.22,8.0,5.69,6.06,32.0,6.02,6.41,1.0,5.5,5.5,14.0,6.07,7.14,6.6
6215,A,Pc,Lucca,Udinese,14,24.0,3.5,,,71,,,,,,,34.0,6.04,6.75,,,,,,,6.78
4923,A,Pc,Colombo,Empoli,13,22.0,3.4,,,55,26.0,5.94,6.37,,,,23.0,5.89,6.39,0.0,0.0,0.0,2.0,5.75,5.75,6.6
2061,A,Pc,Simeone,Napoli,12,29.0,2.9,,,15,12.0,6.29,7.33,35.0,6.17,7.54,17.0,5.74,5.82,37.0,6.01,7.01,29.0,5.71,6.34,6.13
2544,A,Pc,Abraham,Milan,12,27.0,3.5,,,30,34.0,6.19,6.96,37.0,6.26,7.62,6.0,5.83,6.25,,,,,,,7.04
4436,A,A,Cambiaghi,Bologna,12,24.0,3.1,,,20,25.0,6.24,6.9,,,,37.0,6.14,6.2,0.0,0.0,0.0,,,,6.37
5297,A,A,Luvumbo,Cagliari,12,22.0,3.4,,,38,,,,,,,30.0,6.27,6.75,,,,0.0,0.0,0.0,6.69
6164,A,Pc,Vitinha O.,Genoa,12,,,,,79,,,,,,,6.0,6.42,7.33,,,,,,,
6227,A,A,Okafor,Milan,12,24.0,3.3,,,21,,,,,,,24.0,6.21,7.02,,,,,,,6.79
6398,A,W;A,Isaksen,Lazio,12,23.0,3.1,,,25,,,,,,,23.0,6.07,6.46,,,,,,,6.39
6801,A,Pc,Tengstedt,Verona,12,,,,,22,,,,,,,,,,,,,,,,
2012,A,Pc,Milik,Juventus,11,30.0,3.1,,,22,27.0,6.09,6.74,,,,24.0,6.0,6.46,26.0,6.1,7.27,0.0,0.0,0.0,6.45
2369,A,A,Thauvin,Udinese,11,31.0,3.4,,,37,11.0,5.68,5.68,,,,25.0,6.2,6.84,,,,,,,6.76
5471,A,Pc,Djuric,Monza,11,34.0,3.2,,,31,24.0,5.98,6.06,32.0,6.05,6.55,36.0,6.08,6.67,,,,,,,6.51
479,A,Pc,Sanabria,Torino,10,28.0,3.0,,,18,31.0,6.27,7.52,25.0,6.18,6.88,35.0,5.84,6.24,23.0,6.0,6.8,14.0,5.93,7.0,6.36
2155,A,Pc,Cutrone,Como,10,,,,,23,,,,24.0,5.88,6.23,,,,18.0,5.94,6.64,7.0,5.71,5.71,
4371,A,A,Raspadori,Napoli,10,24.0,3.2,,,22,23.0,5.89,6.22,36.0,6.07,6.89,33.0,5.98,6.44,7.0,6.21,7.07,20.0,6.28,7.15,6.5
6207,A,W;A,Almqvist,Parma,10,25.0,3.0,,,18,,,,,,,30.0,5.98,6.13,,,,,,,6.19
6409,A,A,Beltran L.,Fiorentina,10,23.0,3.3,,,34,,,,,,,30.0,6.12,6.65,,,,,,,6.63
6630,A,Pc,Mosquera,Verona,10,,,,,25,,,,,,,,,,,,,,,,
1939,A,Pc,Lapadula,Cagliari,9,34.0,2.9,,,11,,,,,,,21.0,5.88,6.24,24.0,6.1,7.27,37.0,5.91,6.5,6.25
1958,A,A,Caprari,Monza,9,31.0,3.2,,,17,36.0,6.03,6.4,34.0,6.54,7.75,5.0,5.9,5.9,26.0,5.94,6.42,30.0,6.0,6.52,6.76
2438,A,Pc,Jovic,Milan,9,27.0,3.2,,,16,27.0,5.98,6.56,,,,19.0,5.89,6.79,,,,,,,6.65
2765,A,A,Odgaard,Bologna,9,,,,,13,,,,,,,9.0,6.22,7.0,,,,,,,
5506,A,A,Ekuban,Genoa,9,31.0,3.1,,,10,,,,29.0,5.71,5.84,23.0,6.09,6.65,,,,,,,6.6
5882,A,A,Mota,Monza,9,26.0,3.1,,,22,29.0,6.09,6.64,,,,33.0,6.0,6.41,,,,,,,6.49
6145,A,W;A,Ngonge,Napoli,9,24.0,3.1,,,12,13.0,6.04,6.73,,,,28.0,6.14,6.86,,,,,,,6.54
6667,A,A,Benedyczak,Parma,9,,,,,20,,,,,,,,,,,,,,,,
6669,A,Pc,Bonny,Parma,9,,,,,42,,,,,,,,,,,,,,,,
4268,A,Pc,Arnautovic,Inter,8,35.0,3.2,,,20,21.0,6.38,7.74,32.0,6.28,7.44,24.0,6.15,6.9,,,,,,,6.58
5322,A,W;A,Mihaila,Parma,8,,,,,17,,,,2.0,5.5,5.5,,,,,,,14.0,6.14,6.79,
6001,A,W;A,Banda,Lecce,8,23.0,2.9,,,13,32.0,6.05,6.17,,,,21.0,6.07,6.33,,,,,,,6.28
6213,A,A,Brenner,Udinese,8,24.0,3.4,,,26,,,,,,,4.0,5.88,5.88,,,,,,,6.84
6572,A,Pc,Castro S.,Bologna,8,,,,,47,,,,,,,5.0,6.0,6.5,,,,,,,
5500,A,W;A,Cancellieri,Parma,6,22.0,2.9,,,13,6.0,5.83,5.83,5.0,6.1,6.6,34.0,6.0,6.31,,,,,,,6.27
5637,A,Pc,Davis K.,Udinese,6,26.0,3.2,,,8,,,,,,,5.0,6.2,6.6,,,,,,,7.01
6644,A,Pc,Rocha Livramento,Verona,6,,,,,12,,,,,,,,,,,,,,,,
383,A,Pc,Petagna,Monza,5,29.0,3.3,,,13,31.0,6.05,6.56,13.0,6.04,6.77,15.0,5.8,6.0,36.0,5.93,6.72,16.0,6.16,7.09,6.93
5311,A,Pc,Shomurodov,Roma,5,29.0,2.9,,,6,17.0,5.76,5.97,20.0,6.1,6.72,20.0,5.85,6.42,,,,30.0,6.17,6.98,6.41
5881,A,Pc,Gytkjaer,Venezia,5,,,,,10,15.0,5.73,5.73,,,,,,,,,,,,,
6833,A,A,Mbangula,Juventus,5,,,,,17,,,,,,,,,,,,,,,,
6895,A,A,Dominguez B.,Bologna,5,,,,,11,,,,,,,,,,,,,,,,
186,A,A,Rebic,Lecce,4,,,,,7,18.0,5.86,6.39,22.0,6.07,6.39,,,,22.0,6.3,7.8,27.0,6.19,7.44,
2762,A,A,Kouame',Fiorentina,4,27.0,3.0,,,13,28.0,6.11,6.62,0.0,0.0,0.0,20.0,5.95,6.3,18.0,6.31,7.44,23.0,5.7,5.83,6.42
4463,A,A,Esposito Se.,Empoli,4,,,,,15,,,,,,,0.0,0.0,0.0,3.0,5.83,6.67,0.0,0.0,0.0,
6119,A,A,Solbakken,Empoli,4,,,,,12,9.0,5.94,6.39,,,,1.0,5.5,5.5,,,,,,,
6159,A,A,Sarr A.,Verona,4,,,,,7,,,,,,,,,,,,,,,,
6549,A,W;A,Pierotti,Lecce,4,,,,,4,,,,,,,7.0,6.07,6.21,,,,,,,
6653,A,A,Bravo,Udinese,4,,,,,8,,,,,,,,,,,,,,,,
247,A,Pc,Pavoletti,Cagliari,3,36.0,2.7,,,5,,,,28.0,5.89,6.32,14.0,6.25,7.04,1.0,5.5,5.5,22.0,5.98,6.5,6.15
495,A,A,Correa,Inter,3,,,,,7,23.0,5.93,6.35,26.0,6.06,6.75,0.0,0.0,0.0,30.0,6.27,7.13,28.0,6.0,6.91,
2103,A,Pc,Pellegri,Empoli,3,23.0,3.2,,,8,11.0,6.0,6.5,10.0,5.9,6.15,15.0,5.87,6.03,,,,,,,6.97
2489,A,A,Pedro,Lazio,3,37.0,2.8,,,5,36.0,6.12,6.53,32.0,6.25,7.14,26.0,5.92,6.0,,,,26.0,5.88,6.44,6.28
6635,A,Pc,Pizarro,Udinese,3,,,,,7,,,,,,,,,,,,,,,,
306,A,Pc,Cerri,Como,2,,,,,1,,,,0.0,0.0,0.0,11.0,5.86,6.05,15.0,5.73,6.07,10.0,5.85,6.15,
5436,A,Pc,Raimondo,Venezia,2,,,,,2,0.0,0.0,0.0,,,,0.0,0.0,0.0,,,,0.0,0.0,0.0,
6657,A,Pc,Gabrielloni,Como,2,,,,,2,,,,,,,,,,,,,,,,
2325,A,A,Karamoh,Torino,1,26.0,2.7,,,1,15.0,6.1,6.83,,,,5.0,6.1,6.1,11.0,5.64,6.0,21.0,5.81,6.12,6.74
6418,A,Pc,Burnete,Lecce,1,20.0,2.7,,,1,,,,,,,1.0,6.0,6.0,,,,,,,6.77
6490,A,Pc,Cruz,Verona,1,,,,,1,,,,,,,3.0,5.67,5.67,,,,,,,
6519,A,Pc,Camarda,Milan,1,,,,,1,,,,,,,0.0,0.0,0.0,,,,,,,
6565,A,Pc,Ankeye,Genoa,1,,,,,1,,,,,,,2.0,5.75,5.75,,,,,,,
6598,A,Pc,Mutandwa,Cagliari,1,,,,,2,,,,,,,,,,,,,,,,
6603,A,A,Joao Costa,Roma,1,,,,,1,,,,,,,,,,,,,,,,
6648,A,W;A,Jasim,Como,1,,,,,1,,,,,,,,,,,,,,,,
6670,A,Pc,Charpentier,Parma,1,,,,,1,,,,,,,,,,,,,,,,
6822,A,Pc,Ekhator,Genoa,1,,,,,1,,,,,,,,,,,,,,,,
